<?xml version="1.0" encoding="UTF-8"?>
<root><row><id>1</id><code>4</code><alpha2>AF</alpha2><alpha3>AFG</alpha3><nom_en_gb>Afghanistan</nom_en_gb><nom_fr_fr>Afghanistan</nom_fr_fr></row><row><id>2</id><code>8</code><alpha2>AL</alpha2><alpha3>ALB</alpha3><nom_en_gb>Albania</nom_en_gb><nom_fr_fr>Albanie</nom_fr_fr></row><row><id>3</id><code>10</code><alpha2>AQ</alpha2><alpha3>ATA</alpha3><nom_en_gb>Antarctica</nom_en_gb><nom_fr_fr>Antarctique</nom_fr_fr></row><row><id>4</id><code>12</code><alpha2>DZ</alpha2><alpha3>DZA</alpha3><nom_en_gb>Algeria</nom_en_gb><nom_fr_fr>Algerie</nom_fr_fr></row><row><id>5</id><code>16</code><alpha2>AS</alpha2><alpha3>ASM</alpha3><nom_en_gb>American Samoa</nom_en_gb><nom_fr_fr>Samoa Americaines</nom_fr_fr></row><row><id>6</id><code>20</code><alpha2>AD</alpha2><alpha3>AND</alpha3><nom_en_gb>Andorra</nom_en_gb><nom_fr_fr>Andorre</nom_fr_fr></row><row><id>7</id><code>24</code><alpha2>AO</alpha2><alpha3>AGO</alpha3><nom_en_gb>Angola</nom_en_gb><nom_fr_fr>Angola</nom_fr_fr></row><row><id>8</id><code>28</code><alpha2>AG</alpha2><alpha3>ATG</alpha3><nom_en_gb>Antigua and Barbuda</nom_en_gb><nom_fr_fr>Antigua-et-Barbuda</nom_fr_fr></row><row><id>9</id><code>31</code><alpha2>AZ</alpha2><alpha3>AZE</alpha3><nom_en_gb>Azerbaijan</nom_en_gb><nom_fr_fr>Azerba४an</nom_fr_fr></row><row><id>10</id><code>32</code><alpha2>AR</alpha2><alpha3>ARG</alpha3><nom_en_gb>Argentina</nom_en_gb><nom_fr_fr>Argentine</nom_fr_fr></row><row><id>11</id><code>36</code><alpha2>AU</alpha2><alpha3>AUS</alpha3><nom_en_gb>Australia</nom_en_gb><nom_fr_fr>Australie</nom_fr_fr></row><row><id>12</id><code>40</code><alpha2>AT</alpha2><alpha3>AUT</alpha3><nom_en_gb>Austria</nom_en_gb><nom_fr_fr>Autriche</nom_fr_fr></row><row><id>13</id><code>44</code><alpha2>BS</alpha2><alpha3>BHS</alpha3><nom_en_gb>Bahamas</nom_en_gb><nom_fr_fr>Bahamas</nom_fr_fr></row><row><id>14</id><code>48</code><alpha2>BH</alpha2><alpha3>BHR</alpha3><nom_en_gb>Bahrain</nom_en_gb><nom_fr_fr>Bahren</nom_fr_fr></row><row><id>15</id><code>50</code><alpha2>BD</alpha2><alpha3>BGD</alpha3><nom_en_gb>Bangladesh</nom_en_gb><nom_fr_fr>Bangladesh</nom_fr_fr></row><row><id>16</id><code>51</code><alpha2>AM</alpha2><alpha3>ARM</alpha3><nom_en_gb>Armenia</nom_en_gb><nom_fr_fr>Armenie</nom_fr_fr></row><row><id>17</id><code>52</code><alpha2>BB</alpha2><alpha3>BRB</alpha3><nom_en_gb>Barbados</nom_en_gb><nom_fr_fr>Barbade</nom_fr_fr></row><row><id>18</id><code>56</code><alpha2>BE</alpha2><alpha3>BEL</alpha3><nom_en_gb>Belgium</nom_en_gb><nom_fr_fr>Belgique</nom_fr_fr></row><row><id>19</id><code>60</code><alpha2>BM</alpha2><alpha3>BMU</alpha3><nom_en_gb>Bermuda</nom_en_gb><nom_fr_fr>Bermudes</nom_fr_fr></row><row><id>20</id><code>64</code><alpha2>BT</alpha2><alpha3>BTN</alpha3><nom_en_gb>Bhutan</nom_en_gb><nom_fr_fr>Bhoutan</nom_fr_fr></row><row><id>21</id><code>68</code><alpha2>BO</alpha2><alpha3>BOL</alpha3><nom_en_gb>Bolivia</nom_en_gb><nom_fr_fr>Bolivie</nom_fr_fr></row><row><id>22</id><code>70</code><alpha2>BA</alpha2><alpha3>BIH</alpha3><nom_en_gb>Bosnia and Herzegovina</nom_en_gb><nom_fr_fr>Bosnie-Herzegovine</nom_fr_fr></row><row><id>23</id><code>72</code><alpha2>BW</alpha2><alpha3>BWA</alpha3><nom_en_gb>Botswana</nom_en_gb><nom_fr_fr>Botswana</nom_fr_fr></row><row><id>24</id><code>74</code><alpha2>BV</alpha2><alpha3>BVT</alpha3><nom_en_gb>Bouvet Island</nom_en_gb><nom_fr_fr>Ile Bouvet</nom_fr_fr></row><row><id>25</id><code>76</code><alpha2>BR</alpha2><alpha3>BRA</alpha3><nom_en_gb>Brazil</nom_en_gb><nom_fr_fr>Bresil</nom_fr_fr></row><row><id>26</id><code>84</code><alpha2>BZ</alpha2><alpha3>BLZ</alpha3><nom_en_gb>Belize</nom_en_gb><nom_fr_fr>Belize</nom_fr_fr></row><row><id>27</id><code>86</code><alpha2>IO</alpha2><alpha3>IOT</alpha3><nom_en_gb>British Indian Ocean Territory</nom_en_gb><nom_fr_fr>Territoire Britannique de l'Ocean Indien</nom_fr_fr></row><row><id>28</id><code>90</code><alpha2>SB</alpha2><alpha3>SLB</alpha3><nom_en_gb>Solomon Islands</nom_en_gb><nom_fr_fr>Iles Salomon</nom_fr_fr></row><row><id>29</id><code>92</code><alpha2>VG</alpha2><alpha3>VGB</alpha3><nom_en_gb>British Virgin Islands</nom_en_gb><nom_fr_fr>Iles Vierges Britanniques</nom_fr_fr></row><row><id>30</id><code>96</code><alpha2>BN</alpha2><alpha3>BRN</alpha3><nom_en_gb>Brunei Darussalam</nom_en_gb><nom_fr_fr>Brunei Darussalam</nom_fr_fr></row><row><id>31</id><code>100</code><alpha2>BG</alpha2><alpha3>BGR</alpha3><nom_en_gb>Bulgaria</nom_en_gb><nom_fr_fr>Bulgarie</nom_fr_fr></row><row><id>32</id><code>104</code><alpha2>MM</alpha2><alpha3>MMR</alpha3><nom_en_gb>Myanmar</nom_en_gb><nom_fr_fr>Myanmar</nom_fr_fr></row><row><id>33</id><code>108</code><alpha2>BI</alpha2><alpha3>BDI</alpha3><nom_en_gb>Burundi</nom_en_gb><nom_fr_fr>Burundi</nom_fr_fr></row><row><id>34</id><code>112</code><alpha2>BY</alpha2><alpha3>BLR</alpha3><nom_en_gb>Belarus</nom_en_gb><nom_fr_fr>Belarus</nom_fr_fr></row><row><id>35</id><code>116</code><alpha2>KH</alpha2><alpha3>KHM</alpha3><nom_en_gb>Cambodia</nom_en_gb><nom_fr_fr>Cambodge</nom_fr_fr></row><row><id>36</id><code>120</code><alpha2>CM</alpha2><alpha3>CMR</alpha3><nom_en_gb>Cameroon</nom_en_gb><nom_fr_fr>Cameroun</nom_fr_fr></row><row><id>37</id><code>124</code><alpha2>CA</alpha2><alpha3>CAN</alpha3><nom_en_gb>Canada</nom_en_gb><nom_fr_fr>Canada</nom_fr_fr></row><row><id>38</id><code>132</code><alpha2>CV</alpha2><alpha3>CPV</alpha3><nom_en_gb>Cape Verde</nom_en_gb><nom_fr_fr>Cap-vert</nom_fr_fr></row><row><id>39</id><code>136</code><alpha2>KY</alpha2><alpha3>CYM</alpha3><nom_en_gb>Cayman Islands</nom_en_gb><nom_fr_fr>Iles Ca஡nes</nom_fr_fr></row><row><id>40</id><code>140</code><alpha2>CF</alpha2><alpha3>CAF</alpha3><nom_en_gb>Central African</nom_en_gb><nom_fr_fr>Republique Centrafricaine</nom_fr_fr></row><row><id>41</id><code>144</code><alpha2>LK</alpha2><alpha3>LKA</alpha3><nom_en_gb>Sri Lanka</nom_en_gb><nom_fr_fr>Sri Lanka</nom_fr_fr></row><row><id>42</id><code>148</code><alpha2>TD</alpha2><alpha3>TCD</alpha3><nom_en_gb>Chad</nom_en_gb><nom_fr_fr>Tchad</nom_fr_fr></row><row><id>43</id><code>152</code><alpha2>CL</alpha2><alpha3>CHL</alpha3><nom_en_gb>Chile</nom_en_gb><nom_fr_fr>Chili</nom_fr_fr></row><row><id>44</id><code>156</code><alpha2>CN</alpha2><alpha3>CHN</alpha3><nom_en_gb>China</nom_en_gb><nom_fr_fr>Chine</nom_fr_fr></row><row><id>45</id><code>158</code><alpha2>TW</alpha2><alpha3>TWN</alpha3><nom_en_gb>Taiwan</nom_en_gb><nom_fr_fr>Taมn</nom_fr_fr></row><row><id>46</id><code>162</code><alpha2>CX</alpha2><alpha3>CXR</alpha3><nom_en_gb>Christmas Island</nom_en_gb><nom_fr_fr>Ile Christmas</nom_fr_fr></row><row><id>47</id><code>166</code><alpha2>CC</alpha2><alpha3>CCK</alpha3><nom_en_gb>Cocos (Keeling) Islands</nom_en_gb><nom_fr_fr>Iles Cocos (Keeling)</nom_fr_fr></row><row><id>48</id><code>170</code><alpha2>CO</alpha2><alpha3>COL</alpha3><nom_en_gb>Colombia</nom_en_gb><nom_fr_fr>Colombie</nom_fr_fr></row><row><id>49</id><code>174</code><alpha2>KM</alpha2><alpha3>COM</alpha3><nom_en_gb>Comoros</nom_en_gb><nom_fr_fr>Comores</nom_fr_fr></row><row><id>50</id><code>175</code><alpha2>YT</alpha2><alpha3>MYT</alpha3><nom_en_gb>Mayotte</nom_en_gb><nom_fr_fr>Mayotte</nom_fr_fr></row><row><id>51</id><code>178</code><alpha2>CG</alpha2><alpha3>COG</alpha3><nom_en_gb>Republic of the Congo</nom_en_gb><nom_fr_fr>Republique du Congo</nom_fr_fr></row><row><id>52</id><code>180</code><alpha2>CD</alpha2><alpha3>COD</alpha3><nom_en_gb>The Democratic Republic Of The Congo</nom_en_gb><nom_fr_fr>Republique Democratique du Congo</nom_fr_fr></row><row><id>53</id><code>184</code><alpha2>CK</alpha2><alpha3>COK</alpha3><nom_en_gb>Cook Islands</nom_en_gb><nom_fr_fr>Iles Cook</nom_fr_fr></row><row><id>54</id><code>188</code><alpha2>CR</alpha2><alpha3>CRI</alpha3><nom_en_gb>Costa Rica</nom_en_gb><nom_fr_fr>Costa Rica</nom_fr_fr></row><row><id>55</id><code>191</code><alpha2>HR</alpha2><alpha3>HRV</alpha3><nom_en_gb>Croatia</nom_en_gb><nom_fr_fr>Croatie</nom_fr_fr></row><row><id>56</id><code>192</code><alpha2>CU</alpha2><alpha3>CUB</alpha3><nom_en_gb>Cuba</nom_en_gb><nom_fr_fr>Cuba</nom_fr_fr></row><row><id>57</id><code>196</code><alpha2>CY</alpha2><alpha3>CYP</alpha3><nom_en_gb>Cyprus</nom_en_gb><nom_fr_fr>Chypre</nom_fr_fr></row><row><id>58</id><code>203</code><alpha2>CZ</alpha2><alpha3>CZE</alpha3><nom_en_gb>Czech Republic</nom_en_gb><nom_fr_fr>Republique Tch鲵e</nom_fr_fr></row><row><id>59</id><code>204</code><alpha2>BJ</alpha2><alpha3>BEN</alpha3><nom_en_gb>Benin</nom_en_gb><nom_fr_fr>Benin</nom_fr_fr></row><row><id>60</id><code>208</code><alpha2>DK</alpha2><alpha3>DNK</alpha3><nom_en_gb>Denmark</nom_en_gb><nom_fr_fr>Danemark</nom_fr_fr></row><row><id>61</id><code>212</code><alpha2>DM</alpha2><alpha3>DMA</alpha3><nom_en_gb>Dominica</nom_en_gb><nom_fr_fr>Dominique</nom_fr_fr></row><row><id>62</id><code>214</code><alpha2>DO</alpha2><alpha3>DOM</alpha3><nom_en_gb>Dominican Republic</nom_en_gb><nom_fr_fr>Republique Dominicaine</nom_fr_fr></row><row><id>63</id><code>218</code><alpha2>EC</alpha2><alpha3>ECU</alpha3><nom_en_gb>Ecuador</nom_en_gb><nom_fr_fr>equateur</nom_fr_fr></row><row><id>64</id><code>222</code><alpha2>SV</alpha2><alpha3>SLV</alpha3><nom_en_gb>El Salvador</nom_en_gb><nom_fr_fr>El Salvador</nom_fr_fr></row><row><id>65</id><code>226</code><alpha2>GQ</alpha2><alpha3>GNQ</alpha3><nom_en_gb>Equatorial Guinea</nom_en_gb><nom_fr_fr>Guinee equatoriale</nom_fr_fr></row><row><id>66</id><code>231</code><alpha2>ET</alpha2><alpha3>ETH</alpha3><nom_en_gb>Ethiopia</nom_en_gb><nom_fr_fr>ethiopie</nom_fr_fr></row><row><id>67</id><code>232</code><alpha2>ER</alpha2><alpha3>ERI</alpha3><nom_en_gb>Eritrea</nom_en_gb><nom_fr_fr>erythree</nom_fr_fr></row><row><id>68</id><code>233</code><alpha2>EE</alpha2><alpha3>EST</alpha3><nom_en_gb>Estonia</nom_en_gb><nom_fr_fr>Estonie</nom_fr_fr></row><row><id>69</id><code>234</code><alpha2>FO</alpha2><alpha3>FRO</alpha3><nom_en_gb>Faroe Islands</nom_en_gb><nom_fr_fr>Iles Feroe</nom_fr_fr></row><row><id>70</id><code>238</code><alpha2>FK</alpha2><alpha3>FLK</alpha3><nom_en_gb>Falkland Islands</nom_en_gb><nom_fr_fr>Iles (malvinas) Falkland</nom_fr_fr></row><row><id>71</id><code>239</code><alpha2>GS</alpha2><alpha3>SGS</alpha3><nom_en_gb>South Georgia and the South Sandwich Islands</nom_en_gb><nom_fr_fr>Georgie du Sud et les Iles Sandwich du Sud</nom_fr_fr></row><row><id>72</id><code>242</code><alpha2>FJ</alpha2><alpha3>FJI</alpha3><nom_en_gb>Fiji</nom_en_gb><nom_fr_fr>Fidji</nom_fr_fr></row><row><id>73</id><code>246</code><alpha2>FI</alpha2><alpha3>FIN</alpha3><nom_en_gb>Finland</nom_en_gb><nom_fr_fr>Finlande</nom_fr_fr></row><row><id>74</id><code>248</code><alpha2>AX</alpha2><alpha3>ALA</alpha3><nom_en_gb>Ƭand Islands</nom_en_gb><nom_fr_fr>Iles Ƭand</nom_fr_fr></row><row><id>75</id><code>250</code><alpha2>FR</alpha2><alpha3>FRA</alpha3><nom_en_gb>France</nom_en_gb><nom_fr_fr>France</nom_fr_fr></row><row><id>76</id><code>254</code><alpha2>GF</alpha2><alpha3>GUF</alpha3><nom_en_gb>French Guiana</nom_en_gb><nom_fr_fr>Guyane Fran袩se</nom_fr_fr></row><row><id>77</id><code>258</code><alpha2>PF</alpha2><alpha3>PYF</alpha3><nom_en_gb>French Polynesia</nom_en_gb><nom_fr_fr>Polynesie Fran袩se</nom_fr_fr></row><row><id>78</id><code>260</code><alpha2>TF</alpha2><alpha3>ATF</alpha3><nom_en_gb>French Southern Territories</nom_en_gb><nom_fr_fr>Terres Australes Fran袩ses</nom_fr_fr></row><row><id>79</id><code>262</code><alpha2>DJ</alpha2><alpha3>DJI</alpha3><nom_en_gb>Djibouti</nom_en_gb><nom_fr_fr>Djibouti</nom_fr_fr></row><row><id>80</id><code>266</code><alpha2>GA</alpha2><alpha3>GAB</alpha3><nom_en_gb>Gabon</nom_en_gb><nom_fr_fr>Gabon</nom_fr_fr></row><row><id>81</id><code>268</code><alpha2>GE</alpha2><alpha3>GEO</alpha3><nom_en_gb>Georgia</nom_en_gb><nom_fr_fr>Georgie</nom_fr_fr></row><row><id>82</id><code>270</code><alpha2>GM</alpha2><alpha3>GMB</alpha3><nom_en_gb>Gambia</nom_en_gb><nom_fr_fr>Gambie</nom_fr_fr></row><row><id>83</id><code>275</code><alpha2>PS</alpha2><alpha3>PSE</alpha3><nom_en_gb>Occupied Palestinian Territory</nom_en_gb><nom_fr_fr>Territoire Palestinien Occupe</nom_fr_fr></row><row><id>84</id><code>276</code><alpha2>DE</alpha2><alpha3>DEU</alpha3><nom_en_gb>Germany</nom_en_gb><nom_fr_fr>Allemagne</nom_fr_fr></row><row><id>85</id><code>288</code><alpha2>GH</alpha2><alpha3>GHA</alpha3><nom_en_gb>Ghana</nom_en_gb><nom_fr_fr>Ghana</nom_fr_fr></row><row><id>86</id><code>292</code><alpha2>GI</alpha2><alpha3>GIB</alpha3><nom_en_gb>Gibraltar</nom_en_gb><nom_fr_fr>Gibraltar</nom_fr_fr></row><row><id>87</id><code>296</code><alpha2>KI</alpha2><alpha3>KIR</alpha3><nom_en_gb>Kiribati</nom_en_gb><nom_fr_fr>Kiribati</nom_fr_fr></row><row><id>88</id><code>300</code><alpha2>GR</alpha2><alpha3>GRC</alpha3><nom_en_gb>Greece</nom_en_gb><nom_fr_fr>Gr餥</nom_fr_fr></row><row><id>89</id><code>304</code><alpha2>GL</alpha2><alpha3>GRL</alpha3><nom_en_gb>Greenland</nom_en_gb><nom_fr_fr>Groenland</nom_fr_fr></row><row><id>90</id><code>308</code><alpha2>GD</alpha2><alpha3>GRD</alpha3><nom_en_gb>Grenada</nom_en_gb><nom_fr_fr>Grenade</nom_fr_fr></row><row><id>91</id><code>312</code><alpha2>GP</alpha2><alpha3>GLP</alpha3><nom_en_gb>Guadeloupe</nom_en_gb><nom_fr_fr>Guadeloupe</nom_fr_fr></row><row><id>92</id><code>316</code><alpha2>GU</alpha2><alpha3>GUM</alpha3><nom_en_gb>Guam</nom_en_gb><nom_fr_fr>Guam</nom_fr_fr></row><row><id>93</id><code>320</code><alpha2>GT</alpha2><alpha3>GTM</alpha3><nom_en_gb>Guatemala</nom_en_gb><nom_fr_fr>Guatemala</nom_fr_fr></row><row><id>94</id><code>324</code><alpha2>GN</alpha2><alpha3>GIN</alpha3><nom_en_gb>Guinea</nom_en_gb><nom_fr_fr>Guinee</nom_fr_fr></row><row><id>95</id><code>328</code><alpha2>GY</alpha2><alpha3>GUY</alpha3><nom_en_gb>Guyana</nom_en_gb><nom_fr_fr>Guyana</nom_fr_fr></row><row><id>96</id><code>332</code><alpha2>HT</alpha2><alpha3>HTI</alpha3><nom_en_gb>Haiti</nom_en_gb><nom_fr_fr>Ha൩</nom_fr_fr></row><row><id>97</id><code>334</code><alpha2>HM</alpha2><alpha3>HMD</alpha3><nom_en_gb>Heard Island and McDonald Islands</nom_en_gb><nom_fr_fr>Iles Heard et Mcdonald</nom_fr_fr></row><row><id>98</id><code>336</code><alpha2>VA</alpha2><alpha3>VAT</alpha3><nom_en_gb>Vatican City State</nom_en_gb><nom_fr_fr>Saint-Siege (etat de la Cite du Vatican)</nom_fr_fr></row><row><id>99</id><code>340</code><alpha2>HN</alpha2><alpha3>HND</alpha3><nom_en_gb>Honduras</nom_en_gb><nom_fr_fr>Honduras</nom_fr_fr></row><row><id>100</id><code>344</code><alpha2>HK</alpha2><alpha3>HKG</alpha3><nom_en_gb>Hong Kong</nom_en_gb><nom_fr_fr>Hong-Kong</nom_fr_fr></row><row><id>101</id><code>348</code><alpha2>HU</alpha2><alpha3>HUN</alpha3><nom_en_gb>Hungary</nom_en_gb><nom_fr_fr>Hongrie</nom_fr_fr></row><row><id>102</id><code>352</code><alpha2>IS</alpha2><alpha3>ISL</alpha3><nom_en_gb>Iceland</nom_en_gb><nom_fr_fr>Islande</nom_fr_fr></row><row><id>103</id><code>356</code><alpha2>IN</alpha2><alpha3>IND</alpha3><nom_en_gb>India</nom_en_gb><nom_fr_fr>Inde</nom_fr_fr></row><row><id>104</id><code>360</code><alpha2>ID</alpha2><alpha3>IDN</alpha3><nom_en_gb>Indonesia</nom_en_gb><nom_fr_fr>Indonesie</nom_fr_fr></row><row><id>105</id><code>364</code><alpha2>IR</alpha2><alpha3>IRN</alpha3><nom_en_gb>Islamic Republic of Iran</nom_en_gb><nom_fr_fr>Republique Islamique d'Iran</nom_fr_fr></row><row><id>106</id><code>368</code><alpha2>IQ</alpha2><alpha3>IRQ</alpha3><nom_en_gb>Iraq</nom_en_gb><nom_fr_fr>Iraq</nom_fr_fr></row><row><id>107</id><code>372</code><alpha2>IE</alpha2><alpha3>IRL</alpha3><nom_en_gb>Ireland</nom_en_gb><nom_fr_fr>Irlande</nom_fr_fr></row><row><id>108</id><code>376</code><alpha2>IL</alpha2><alpha3>ISR</alpha3><nom_en_gb>Israel</nom_en_gb><nom_fr_fr>Israel</nom_fr_fr></row><row><id>109</id><code>380</code><alpha2>IT</alpha2><alpha3>ITA</alpha3><nom_en_gb>Italy</nom_en_gb><nom_fr_fr>Italie</nom_fr_fr></row><row><id>110</id><code>384</code><alpha2>CI</alpha2><alpha3>CIV</alpha3><nom_en_gb>C??d'Ivoire</nom_en_gb><nom_fr_fr>C??d'Ivoire</nom_fr_fr></row><row><id>111</id><code>388</code><alpha2>JM</alpha2><alpha3>JAM</alpha3><nom_en_gb>Jamaica</nom_en_gb><nom_fr_fr>Jamaವe</nom_fr_fr></row><row><id>112</id><code>392</code><alpha2>JP</alpha2><alpha3>JPN</alpha3><nom_en_gb>Japan</nom_en_gb><nom_fr_fr>Japon</nom_fr_fr></row><row><id>113</id><code>398</code><alpha2>KZ</alpha2><alpha3>KAZ</alpha3><nom_en_gb>Kazakhstan</nom_en_gb><nom_fr_fr>Kazakhstan</nom_fr_fr></row><row><id>114</id><code>400</code><alpha2>JO</alpha2><alpha3>JOR</alpha3><nom_en_gb>Jordan</nom_en_gb><nom_fr_fr>Jordanie</nom_fr_fr></row><row><id>115</id><code>404</code><alpha2>KE</alpha2><alpha3>KEN</alpha3><nom_en_gb>Kenya</nom_en_gb><nom_fr_fr>Kenya</nom_fr_fr></row><row><id>116</id><code>408</code><alpha2>KP</alpha2><alpha3>PRK</alpha3><nom_en_gb>Democratic People's Republic of Korea</nom_en_gb><nom_fr_fr>Republique Populaire Democratique de Coree</nom_fr_fr></row><row><id>117</id><code>410</code><alpha2>KR</alpha2><alpha3>KOR</alpha3><nom_en_gb>Republic of Korea</nom_en_gb><nom_fr_fr>Republique de Coree</nom_fr_fr></row><row><id>118</id><code>414</code><alpha2>KW</alpha2><alpha3>KWT</alpha3><nom_en_gb>Kuwait</nom_en_gb><nom_fr_fr>Koweit</nom_fr_fr></row><row><id>119</id><code>417</code><alpha2>KG</alpha2><alpha3>KGZ</alpha3><nom_en_gb>Kyrgyzstan</nom_en_gb><nom_fr_fr>Kirghizistan</nom_fr_fr></row><row><id>120</id><code>418</code><alpha2>LA</alpha2><alpha3>LAO</alpha3><nom_en_gb>Lao People's Democratic Republic</nom_en_gb><nom_fr_fr>Republique Democratique Populaire Lao</nom_fr_fr></row><row><id>121</id><code>422</code><alpha2>LB</alpha2><alpha3>LBN</alpha3><nom_en_gb>Lebanon</nom_en_gb><nom_fr_fr>Liban</nom_fr_fr></row><row><id>122</id><code>426</code><alpha2>LS</alpha2><alpha3>LSO</alpha3><nom_en_gb>Lesotho</nom_en_gb><nom_fr_fr>Lesotho</nom_fr_fr></row><row><id>123</id><code>428</code><alpha2>LV</alpha2><alpha3>LVA</alpha3><nom_en_gb>Latvia</nom_en_gb><nom_fr_fr>Lettonie</nom_fr_fr></row><row><id>124</id><code>430</code><alpha2>LR</alpha2><alpha3>LBR</alpha3><nom_en_gb>Liberia</nom_en_gb><nom_fr_fr>Liberia</nom_fr_fr></row><row><id>125</id><code>434</code><alpha2>LY</alpha2><alpha3>LBY</alpha3><nom_en_gb>Libyan Arab Jamahiriya</nom_en_gb><nom_fr_fr>Jamahiriya Arabe Libyenne</nom_fr_fr></row><row><id>126</id><code>438</code><alpha2>LI</alpha2><alpha3>LIE</alpha3><nom_en_gb>Liechtenstein</nom_en_gb><nom_fr_fr>Liechtenstein</nom_fr_fr></row><row><id>127</id><code>440</code><alpha2>LT</alpha2><alpha3>LTU</alpha3><nom_en_gb>Lithuania</nom_en_gb><nom_fr_fr>Lituanie</nom_fr_fr></row><row><id>128</id><code>442</code><alpha2>LU</alpha2><alpha3>LUX</alpha3><nom_en_gb>Luxembourg</nom_en_gb><nom_fr_fr>Luxembourg</nom_fr_fr></row><row><id>129</id><code>446</code><alpha2>MO</alpha2><alpha3>MAC</alpha3><nom_en_gb>Macao</nom_en_gb><nom_fr_fr>Macao</nom_fr_fr></row><row><id>130</id><code>450</code><alpha2>MG</alpha2><alpha3>MDG</alpha3><nom_en_gb>Madagascar</nom_en_gb><nom_fr_fr>Madagascar</nom_fr_fr></row><row><id>131</id><code>454</code><alpha2>MW</alpha2><alpha3>MWI</alpha3><nom_en_gb>Malawi</nom_en_gb><nom_fr_fr>Malawi</nom_fr_fr></row><row><id>132</id><code>458</code><alpha2>MY</alpha2><alpha3>MYS</alpha3><nom_en_gb>Malaysia</nom_en_gb><nom_fr_fr>Malaisie</nom_fr_fr></row><row><id>133</id><code>462</code><alpha2>MV</alpha2><alpha3>MDV</alpha3><nom_en_gb>Maldives</nom_en_gb><nom_fr_fr>Maldives</nom_fr_fr></row><row><id>134</id><code>466</code><alpha2>ML</alpha2><alpha3>MLI</alpha3><nom_en_gb>Mali</nom_en_gb><nom_fr_fr>Mali</nom_fr_fr></row><row><id>135</id><code>470</code><alpha2>MT</alpha2><alpha3>MLT</alpha3><nom_en_gb>Malta</nom_en_gb><nom_fr_fr>Malte</nom_fr_fr></row><row><id>136</id><code>474</code><alpha2>MQ</alpha2><alpha3>MTQ</alpha3><nom_en_gb>Martinique</nom_en_gb><nom_fr_fr>Martinique</nom_fr_fr></row><row><id>137</id><code>478</code><alpha2>MR</alpha2><alpha3>MRT</alpha3><nom_en_gb>Mauritania</nom_en_gb><nom_fr_fr>Mauritanie</nom_fr_fr></row><row><id>138</id><code>480</code><alpha2>MU</alpha2><alpha3>MUS</alpha3><nom_en_gb>Mauritius</nom_en_gb><nom_fr_fr>Maurice</nom_fr_fr></row><row><id>139</id><code>484</code><alpha2>MX</alpha2><alpha3>MEX</alpha3><nom_en_gb>Mexico</nom_en_gb><nom_fr_fr>Mexique</nom_fr_fr></row><row><id>140</id><code>492</code><alpha2>MC</alpha2><alpha3>MCO</alpha3><nom_en_gb>Monaco</nom_en_gb><nom_fr_fr>Monaco</nom_fr_fr></row><row><id>141</id><code>496</code><alpha2>MN</alpha2><alpha3>MNG</alpha3><nom_en_gb>Mongolia</nom_en_gb><nom_fr_fr>Mongolie</nom_fr_fr></row><row><id>142</id><code>498</code><alpha2>MD</alpha2><alpha3>MDA</alpha3><nom_en_gb>Republic of Moldova</nom_en_gb><nom_fr_fr>Republique de Moldova</nom_fr_fr></row><row><id>143</id><code>500</code><alpha2>MS</alpha2><alpha3>MSR</alpha3><nom_en_gb>Montserrat</nom_en_gb><nom_fr_fr>Montserrat</nom_fr_fr></row><row><id>144</id><code>504</code><alpha2>MA</alpha2><alpha3>MAR</alpha3><nom_en_gb>Morocco</nom_en_gb><nom_fr_fr>Maroc</nom_fr_fr></row><row><id>145</id><code>508</code><alpha2>MZ</alpha2><alpha3>MOZ</alpha3><nom_en_gb>Mozambique</nom_en_gb><nom_fr_fr>Mozambique</nom_fr_fr></row><row><id>146</id><code>512</code><alpha2>OM</alpha2><alpha3>OMN</alpha3><nom_en_gb>Oman</nom_en_gb><nom_fr_fr>Oman</nom_fr_fr></row><row><id>147</id><code>516</code><alpha2>NA</alpha2><alpha3>NAM</alpha3><nom_en_gb>Namibia</nom_en_gb><nom_fr_fr>Namibie</nom_fr_fr></row><row><id>148</id><code>520</code><alpha2>NR</alpha2><alpha3>NRU</alpha3><nom_en_gb>Nauru</nom_en_gb><nom_fr_fr>Nauru</nom_fr_fr></row><row><id>149</id><code>524</code><alpha2>NP</alpha2><alpha3>NPL</alpha3><nom_en_gb>Nepal</nom_en_gb><nom_fr_fr>Nepal</nom_fr_fr></row><row><id>150</id><code>528</code><alpha2>NL</alpha2><alpha3>NLD</alpha3><nom_en_gb>Netherlands</nom_en_gb><nom_fr_fr>Pays-Bas</nom_fr_fr></row><row><id>151</id><code>530</code><alpha2>AN</alpha2><alpha3>ANT</alpha3><nom_en_gb>Netherlands Antilles</nom_en_gb><nom_fr_fr>Antilles Neerlandaises</nom_fr_fr></row><row><id>152</id><code>533</code><alpha2>AW</alpha2><alpha3>ABW</alpha3><nom_en_gb>Aruba</nom_en_gb><nom_fr_fr>Aruba</nom_fr_fr></row><row><id>153</id><code>540</code><alpha2>NC</alpha2><alpha3>NCL</alpha3><nom_en_gb>New Caledonia</nom_en_gb><nom_fr_fr>Nouvelle-Caledonie</nom_fr_fr></row><row><id>154</id><code>548</code><alpha2>VU</alpha2><alpha3>VUT</alpha3><nom_en_gb>Vanuatu</nom_en_gb><nom_fr_fr>Vanuatu</nom_fr_fr></row><row><id>155</id><code>554</code><alpha2>NZ</alpha2><alpha3>NZL</alpha3><nom_en_gb>New Zealand</nom_en_gb><nom_fr_fr>Nouvelle-Zelande</nom_fr_fr></row><row><id>156</id><code>558</code><alpha2>NI</alpha2><alpha3>NIC</alpha3><nom_en_gb>Nicaragua</nom_en_gb><nom_fr_fr>Nicaragua</nom_fr_fr></row><row><id>157</id><code>562</code><alpha2>NE</alpha2><alpha3>NER</alpha3><nom_en_gb>Niger</nom_en_gb><nom_fr_fr>Niger</nom_fr_fr></row><row><id>158</id><code>566</code><alpha2>NG</alpha2><alpha3>NGA</alpha3><nom_en_gb>Nigeria</nom_en_gb><nom_fr_fr>Nigeria</nom_fr_fr></row><row><id>159</id><code>570</code><alpha2>NU</alpha2><alpha3>NIU</alpha3><nom_en_gb>Niue</nom_en_gb><nom_fr_fr>Niue</nom_fr_fr></row><row><id>160</id><code>574</code><alpha2>NF</alpha2><alpha3>NFK</alpha3><nom_en_gb>Norfolk Island</nom_en_gb><nom_fr_fr>Ile Norfolk</nom_fr_fr></row><row><id>161</id><code>578</code><alpha2>NO</alpha2><alpha3>NOR</alpha3><nom_en_gb>Norway</nom_en_gb><nom_fr_fr>Norv騥</nom_fr_fr></row><row><id>162</id><code>580</code><alpha2>MP</alpha2><alpha3>MNP</alpha3><nom_en_gb>Northern Mariana Islands</nom_en_gb><nom_fr_fr>Iles Mariannes du Nord</nom_fr_fr></row><row><id>163</id><code>581</code><alpha2>UM</alpha2><alpha3>UMI</alpha3><nom_en_gb>United States Minor Outlying Islands</nom_en_gb><nom_fr_fr>Iles Mineures eloignees des etats-Unis</nom_fr_fr></row><row><id>164</id><code>583</code><alpha2>FM</alpha2><alpha3>FSM</alpha3><nom_en_gb>Federated States of Micronesia</nom_en_gb><nom_fr_fr>etats Federes de Micronesie</nom_fr_fr></row><row><id>165</id><code>584</code><alpha2>MH</alpha2><alpha3>MHL</alpha3><nom_en_gb>Marshall Islands</nom_en_gb><nom_fr_fr>Iles Marshall</nom_fr_fr></row><row><id>166</id><code>585</code><alpha2>PW</alpha2><alpha3>PLW</alpha3><nom_en_gb>Palau</nom_en_gb><nom_fr_fr>Palaos</nom_fr_fr></row><row><id>167</id><code>586</code><alpha2>PK</alpha2><alpha3>PAK</alpha3><nom_en_gb>Pakistan</nom_en_gb><nom_fr_fr>Pakistan</nom_fr_fr></row><row><id>168</id><code>591</code><alpha2>PA</alpha2><alpha3>PAN</alpha3><nom_en_gb>Panama</nom_en_gb><nom_fr_fr>Panama</nom_fr_fr></row><row><id>169</id><code>598</code><alpha2>PG</alpha2><alpha3>PNG</alpha3><nom_en_gb>Papua New Guinea</nom_en_gb><nom_fr_fr>Papouasie-Nouvelle-Guinee</nom_fr_fr></row><row><id>170</id><code>600</code><alpha2>PY</alpha2><alpha3>PRY</alpha3><nom_en_gb>Paraguay</nom_en_gb><nom_fr_fr>Paraguay</nom_fr_fr></row><row><id>171</id><code>604</code><alpha2>PE</alpha2><alpha3>PER</alpha3><nom_en_gb>Peru</nom_en_gb><nom_fr_fr>Perou</nom_fr_fr></row><row><id>172</id><code>608</code><alpha2>PH</alpha2><alpha3>PHL</alpha3><nom_en_gb>Philippines</nom_en_gb><nom_fr_fr>Philippines</nom_fr_fr></row><row><id>173</id><code>612</code><alpha2>PN</alpha2><alpha3>PCN</alpha3><nom_en_gb>Pitcairn</nom_en_gb><nom_fr_fr>Pitcairn</nom_fr_fr></row><row><id>174</id><code>616</code><alpha2>PL</alpha2><alpha3>POL</alpha3><nom_en_gb>Poland</nom_en_gb><nom_fr_fr>Pologne</nom_fr_fr></row><row><id>175</id><code>620</code><alpha2>PT</alpha2><alpha3>PRT</alpha3><nom_en_gb>Portugal</nom_en_gb><nom_fr_fr>Portugal</nom_fr_fr></row><row><id>176</id><code>624</code><alpha2>GW</alpha2><alpha3>GNB</alpha3><nom_en_gb>Guinea-Bissau</nom_en_gb><nom_fr_fr>Guinee-Bissau</nom_fr_fr></row><row><id>177</id><code>626</code><alpha2>TL</alpha2><alpha3>TLS</alpha3><nom_en_gb>Timor-Leste</nom_en_gb><nom_fr_fr>Timor-Leste</nom_fr_fr></row><row><id>178</id><code>630</code><alpha2>PR</alpha2><alpha3>PRI</alpha3><nom_en_gb>Puerto Rico</nom_en_gb><nom_fr_fr>Porto Rico</nom_fr_fr></row><row><id>179</id><code>634</code><alpha2>QA</alpha2><alpha3>QAT</alpha3><nom_en_gb>Qatar</nom_en_gb><nom_fr_fr>Qatar</nom_fr_fr></row><row><id>180</id><code>638</code><alpha2>RE</alpha2><alpha3>REU</alpha3><nom_en_gb>Reunion</nom_en_gb><nom_fr_fr>Reunion</nom_fr_fr></row><row><id>181</id><code>642</code><alpha2>RO</alpha2><alpha3>ROU</alpha3><nom_en_gb>Romania</nom_en_gb><nom_fr_fr>Roumanie</nom_fr_fr></row><row><id>182</id><code>643</code><alpha2>RU</alpha2><alpha3>RUS</alpha3><nom_en_gb>Russian Federation</nom_en_gb><nom_fr_fr>Federation de Russie</nom_fr_fr></row><row><id>183</id><code>646</code><alpha2>RW</alpha2><alpha3>RWA</alpha3><nom_en_gb>Rwanda</nom_en_gb><nom_fr_fr>Rwanda</nom_fr_fr></row><row><id>184</id><code>654</code><alpha2>SH</alpha2><alpha3>SHN</alpha3><nom_en_gb>Saint Helena</nom_en_gb><nom_fr_fr>Sainte-Hel鯥</nom_fr_fr></row><row><id>185</id><code>659</code><alpha2>KN</alpha2><alpha3>KNA</alpha3><nom_en_gb>Saint Kitts and Nevis</nom_en_gb><nom_fr_fr>Saint-Kitts-et-Nevis</nom_fr_fr></row><row><id>186</id><code>660</code><alpha2>AI</alpha2><alpha3>AIA</alpha3><nom_en_gb>Anguilla</nom_en_gb><nom_fr_fr>Anguilla</nom_fr_fr></row><row><id>187</id><code>662</code><alpha2>LC</alpha2><alpha3>LCA</alpha3><nom_en_gb>Saint Lucia</nom_en_gb><nom_fr_fr>Sainte-Lucie</nom_fr_fr></row><row><id>188</id><code>666</code><alpha2>PM</alpha2><alpha3>SPM</alpha3><nom_en_gb>Saint-Pierre and Miquelon</nom_en_gb><nom_fr_fr>Saint-Pierre-et-Miquelon</nom_fr_fr></row><row><id>189</id><code>670</code><alpha2>VC</alpha2><alpha3>VCT</alpha3><nom_en_gb>Saint Vincent and the Grenadines</nom_en_gb><nom_fr_fr>Saint-Vincent-et-les Grenadines</nom_fr_fr></row><row><id>190</id><code>674</code><alpha2>SM</alpha2><alpha3>SMR</alpha3><nom_en_gb>San Marino</nom_en_gb><nom_fr_fr>Saint-Marin</nom_fr_fr></row><row><id>191</id><code>678</code><alpha2>ST</alpha2><alpha3>STP</alpha3><nom_en_gb>Sao Tome and Principe</nom_en_gb><nom_fr_fr>Sao Tome-et-Principe</nom_fr_fr></row><row><id>192</id><code>682</code><alpha2>SA</alpha2><alpha3>SAU</alpha3><nom_en_gb>Saudi Arabia</nom_en_gb><nom_fr_fr>Arabie Saoudite</nom_fr_fr></row><row><id>193</id><code>686</code><alpha2>SN</alpha2><alpha3>SEN</alpha3><nom_en_gb>Senegal</nom_en_gb><nom_fr_fr>Senegal</nom_fr_fr></row><row><id>194</id><code>690</code><alpha2>SC</alpha2><alpha3>SYC</alpha3><nom_en_gb>Seychelles</nom_en_gb><nom_fr_fr>Seychelles</nom_fr_fr></row><row><id>195</id><code>694</code><alpha2>SL</alpha2><alpha3>SLE</alpha3><nom_en_gb>Sierra Leone</nom_en_gb><nom_fr_fr>Sierra Leone</nom_fr_fr></row><row><id>196</id><code>702</code><alpha2>SG</alpha2><alpha3>SGP</alpha3><nom_en_gb>Singapore</nom_en_gb><nom_fr_fr>Singapour</nom_fr_fr></row><row><id>197</id><code>703</code><alpha2>SK</alpha2><alpha3>SVK</alpha3><nom_en_gb>Slovakia</nom_en_gb><nom_fr_fr>Slovaquie</nom_fr_fr></row><row><id>198</id><code>704</code><alpha2>VN</alpha2><alpha3>VNM</alpha3><nom_en_gb>Vietnam</nom_en_gb><nom_fr_fr>Viet Nam</nom_fr_fr></row><row><id>199</id><code>705</code><alpha2>SI</alpha2><alpha3>SVN</alpha3><nom_en_gb>Slovenia</nom_en_gb><nom_fr_fr>Slovenie</nom_fr_fr></row><row><id>200</id><code>706</code><alpha2>SO</alpha2><alpha3>SOM</alpha3><nom_en_gb>Somalia</nom_en_gb><nom_fr_fr>Somalie</nom_fr_fr></row><row><id>201</id><code>710</code><alpha2>ZA</alpha2><alpha3>ZAF</alpha3><nom_en_gb>South Africa</nom_en_gb><nom_fr_fr>Afrique du Sud</nom_fr_fr></row><row><id>202</id><code>716</code><alpha2>ZW</alpha2><alpha3>ZWE</alpha3><nom_en_gb>Zimbabwe</nom_en_gb><nom_fr_fr>Zimbabwe</nom_fr_fr></row><row><id>203</id><code>724</code><alpha2>ES</alpha2><alpha3>ESP</alpha3><nom_en_gb>Spain</nom_en_gb><nom_fr_fr>Espagne</nom_fr_fr></row><row><id>204</id><code>732</code><alpha2>EH</alpha2><alpha3>ESH</alpha3><nom_en_gb>Western Sahara</nom_en_gb><nom_fr_fr>Sahara Occidental</nom_fr_fr></row><row><id>205</id><code>736</code><alpha2>SD</alpha2><alpha3>SDN</alpha3><nom_en_gb>Sudan</nom_en_gb><nom_fr_fr>Soudan</nom_fr_fr></row><row><id>206</id><code>740</code><alpha2>SR</alpha2><alpha3>SUR</alpha3><nom_en_gb>Suriname</nom_en_gb><nom_fr_fr>Suriname</nom_fr_fr></row><row><id>207</id><code>744</code><alpha2>SJ</alpha2><alpha3>SJM</alpha3><nom_en_gb>Svalbard and Jan Mayen</nom_en_gb><nom_fr_fr>Svalbard etIle Jan Mayen</nom_fr_fr></row><row><id>208</id><code>748</code><alpha2>SZ</alpha2><alpha3>SWZ</alpha3><nom_en_gb>Swaziland</nom_en_gb><nom_fr_fr>Swaziland</nom_fr_fr></row><row><id>209</id><code>752</code><alpha2>SE</alpha2><alpha3>SWE</alpha3><nom_en_gb>Sweden</nom_en_gb><nom_fr_fr>Su饥</nom_fr_fr></row><row><id>210</id><code>756</code><alpha2>CH</alpha2><alpha3>CHE</alpha3><nom_en_gb>Switzerland</nom_en_gb><nom_fr_fr>Suisse</nom_fr_fr></row><row><id>211</id><code>760</code><alpha2>SY</alpha2><alpha3>SYR</alpha3><nom_en_gb>Syrian Arab Republic</nom_en_gb><nom_fr_fr>Republique Arabe Syrienne</nom_fr_fr></row><row><id>212</id><code>762</code><alpha2>TJ</alpha2><alpha3>TJK</alpha3><nom_en_gb>Tajikistan</nom_en_gb><nom_fr_fr>Tadjikistan</nom_fr_fr></row><row><id>213</id><code>764</code><alpha2>TH</alpha2><alpha3>THA</alpha3><nom_en_gb>Thailand</nom_en_gb><nom_fr_fr>Thaୡnde</nom_fr_fr></row><row><id>214</id><code>768</code><alpha2>TG</alpha2><alpha3>TGO</alpha3><nom_en_gb>Togo</nom_en_gb><nom_fr_fr>Togo</nom_fr_fr></row><row><id>215</id><code>772</code><alpha2>TK</alpha2><alpha3>TKL</alpha3><nom_en_gb>Tokelau</nom_en_gb><nom_fr_fr>Tokelau</nom_fr_fr></row><row><id>216</id><code>776</code><alpha2>TO</alpha2><alpha3>TON</alpha3><nom_en_gb>Tonga</nom_en_gb><nom_fr_fr>Tonga</nom_fr_fr></row><row><id>217</id><code>780</code><alpha2>TT</alpha2><alpha3>TTO</alpha3><nom_en_gb>Trinidad and Tobago</nom_en_gb><nom_fr_fr>Trinite-et-Tobago</nom_fr_fr></row><row><id>218</id><code>784</code><alpha2>AE</alpha2><alpha3>ARE</alpha3><nom_en_gb>United Arab Emirates</nom_en_gb><nom_fr_fr>emirats Arabes Unis</nom_fr_fr></row><row><id>219</id><code>788</code><alpha2>TN</alpha2><alpha3>TUN</alpha3><nom_en_gb>Tunisia</nom_en_gb><nom_fr_fr>Tunisie</nom_fr_fr></row><row><id>220</id><code>792</code><alpha2>TR</alpha2><alpha3>TUR</alpha3><nom_en_gb>Turkey</nom_en_gb><nom_fr_fr>Turquie</nom_fr_fr></row><row><id>221</id><code>795</code><alpha2>TM</alpha2><alpha3>TKM</alpha3><nom_en_gb>Turkmenistan</nom_en_gb><nom_fr_fr>Turkmenistan</nom_fr_fr></row><row><id>222</id><code>796</code><alpha2>TC</alpha2><alpha3>TCA</alpha3><nom_en_gb>Turks and Caicos Islands</nom_en_gb><nom_fr_fr>Iles Turks et Caವes</nom_fr_fr></row><row><id>223</id><code>798</code><alpha2>TV</alpha2><alpha3>TUV</alpha3><nom_en_gb>Tuvalu</nom_en_gb><nom_fr_fr>Tuvalu</nom_fr_fr></row><row><id>224</id><code>800</code><alpha2>UG</alpha2><alpha3>UGA</alpha3><nom_en_gb>Uganda</nom_en_gb><nom_fr_fr>Ouganda</nom_fr_fr></row><row><id>225</id><code>804</code><alpha2>UA</alpha2><alpha3>UKR</alpha3><nom_en_gb>Ukraine</nom_en_gb><nom_fr_fr>Ukraine</nom_fr_fr></row><row><id>226</id><code>807</code><alpha2>MK</alpha2><alpha3>MKD</alpha3><nom_en_gb>The Former Yugoslav Republic of Macedonia</nom_en_gb><nom_fr_fr>L'ex-Republique Yougoslave de Macedoine</nom_fr_fr></row><row><id>227</id><code>818</code><alpha2>EG</alpha2><alpha3>EGY</alpha3><nom_en_gb>Egypt</nom_en_gb><nom_fr_fr>egypte</nom_fr_fr></row><row><id>228</id><code>826</code><alpha2>GB</alpha2><alpha3>GBR</alpha3><nom_en_gb>United Kingdom</nom_en_gb><nom_fr_fr>Royaume-Uni</nom_fr_fr></row><row><id>229</id><code>833</code><alpha2>IM</alpha2><alpha3>IMN</alpha3><nom_en_gb>Isle of Man</nom_en_gb><nom_fr_fr>Ile de Man</nom_fr_fr></row><row><id>230</id><code>834</code><alpha2>TZ</alpha2><alpha3>TZA</alpha3><nom_en_gb>United Republic Of Tanzania</nom_en_gb><nom_fr_fr>Republique-Unie de Tanzanie</nom_fr_fr></row><row><id>231</id><code>840</code><alpha2>US</alpha2><alpha3>USA</alpha3><nom_en_gb>United States</nom_en_gb><nom_fr_fr>etats-Unis</nom_fr_fr></row><row><id>232</id><code>850</code><alpha2>VI</alpha2><alpha3>VIR</alpha3><nom_en_gb>U.S. Virgin Islands</nom_en_gb><nom_fr_fr>Iles Vierges des etats-Unis</nom_fr_fr></row><row><id>233</id><code>854</code><alpha2>BF</alpha2><alpha3>BFA</alpha3><nom_en_gb>Burkina Faso</nom_en_gb><nom_fr_fr>Burkina Faso</nom_fr_fr></row><row><id>234</id><code>858</code><alpha2>UY</alpha2><alpha3>URY</alpha3><nom_en_gb>Uruguay</nom_en_gb><nom_fr_fr>Uruguay</nom_fr_fr></row><row><id>235</id><code>860</code><alpha2>UZ</alpha2><alpha3>UZB</alpha3><nom_en_gb>Uzbekistan</nom_en_gb><nom_fr_fr>Ouzbekistan</nom_fr_fr></row><row><id>236</id><code>862</code><alpha2>VE</alpha2><alpha3>VEN</alpha3><nom_en_gb>Venezuela</nom_en_gb><nom_fr_fr>Venezuela</nom_fr_fr></row><row><id>237</id><code>876</code><alpha2>WF</alpha2><alpha3>WLF</alpha3><nom_en_gb>Wallis and Futuna</nom_en_gb><nom_fr_fr>Wallis et Futuna</nom_fr_fr></row><row><id>238</id><code>882</code><alpha2>WS</alpha2><alpha3>WSM</alpha3><nom_en_gb>Samoa</nom_en_gb><nom_fr_fr>Samoa</nom_fr_fr></row><row><id>239</id><code>887</code><alpha2>YE</alpha2><alpha3>YEM</alpha3><nom_en_gb>Yemen</nom_en_gb><nom_fr_fr>Yemen</nom_fr_fr></row><row><id>240</id><code>891</code><alpha2>CS</alpha2><alpha3>SCG</alpha3><nom_en_gb>Serbia and Montenegro</nom_en_gb><nom_fr_fr>Serbie-et-Montenegro</nom_fr_fr></row><row><id>241</id><code>894</code><alpha2>ZM</alpha2><alpha3>ZMB</alpha3><nom_en_gb>Zambia</nom_en_gb><nom_fr_fr>Zambie</nom_fr_fr></row></root>