<?xml version="1.0" encoding="UTF-8"?>
<items><item fractionalUnit="Kopek" simbol="р." code="RUB" name="Russian ruble"><countries><item>Russia</item><item>South Ossetia</item></countries></item><item fractionalUnit="Pul" simbol="؋" code="AFN" name="Afghan afghani"><countries><item>Afghanistan</item></countries></item><item fractionalUnit="Cent" simbol="€" code="EUR" name="Euro"><countries><item>Akrotiri and Dhekelia</item><item>Andorra</item><item>Austria</item><item>Belgium</item><item>Cyprus</item><item>Estonia</item><item>Finland</item><item>France</item><item>Germany</item><item>Greece</item><item>Ireland</item><item>Italy</item><item>Kosovo</item><item>Luxembourg</item><item>Malta</item><item>Monaco</item><item>Montenegro</item><item>Netherlands</item><item>Portugal</item><item>San Marino</item><item>Slovakia</item><item>Slovenia</item><item>Spain</item><item>Vatican City</item></countries></item><item fractionalUnit="Qindarkë" simbol="L" code="ALL" name="Albanian lek"><countries><item>Albania</item></countries></item><item fractionalUnit="Penny" simbol="£" code="GBP" name="British pound"><countries><item>Guernsey</item><item>Isle of Man</item><item>Jersey</item><item>South Georgia and the South Sandwich Islands</item><item>United Kingdom</item></countries></item><item fractionalUnit="Santeem" simbol="د.ج" code="DZD" name="Algerian dinar"><countries><item>Algeria</item></countries></item><item fractionalUnit="Cêntimo" simbol="Kz" code="AOA" name="Angolan kwanza"><countries><item>Angola</item></countries></item><item fractionalUnit="Cent" simbol="$" code="XCD" name="East Caribbean dollar"><countries><item>Anguilla</item><item>Antigua and Barbuda</item><item>Dominica</item><item>Grenada</item><item>Montserrat</item><item>Saint Kitts and Nevis</item><item>Saint Lucia</item><item>Saint Vincent and the Grenadines</item></countries></item><item fractionalUnit="Centavo" simbol="$" code="ARS" name="Argentine peso"><countries><item>Argentina</item></countries></item><item fractionalUnit="Luma" simbol="դր." code="AMD" name="Armenian dram"><countries><item>Armenia</item><item>Nagorno-Karabakh Republic</item></countries></item><item fractionalUnit="Cent" simbol="ƒ" code="AWG" name="Aruban florin"><countries><item>Aruba</item></countries></item><item fractionalUnit="Penny" simbol="£" code="SHP" name="Saint Helena pound"><countries><item>Saint Helena</item><item>Tristan da Cunha</item></countries></item><item fractionalUnit="Cent" simbol="$" code="AUD" name="Australian dollar"><countries><item>Australia</item><item>Cocos (Keeling) Islands</item><item>Kiribati</item><item>Nauru</item><item>Tuvalu</item></countries></item><item fractionalUnit="Qəpik" simbol="" code="AZN" name="Azerbaijani manat"><countries><item>Azerbaijan</item></countries></item><item fractionalUnit="Cent" simbol="$" code="BSD" name="Bahamian dollar"><countries><item>Bahamas</item></countries></item><item fractionalUnit="Fils" simbol=".د.ب" code="BHD" name="Bahraini dinar"><countries><item>Bahrain</item></countries></item><item fractionalUnit="Paisa" simbol="৳" code="BDT" name="Bangladeshi taka"><countries><item>Bangladesh</item></countries></item><item fractionalUnit="Cent" simbol="$" code="BBD" name="Barbadian dollar"><countries><item>Barbados</item></countries></item><item fractionalUnit="Kapyeyka" simbol="Br" code="BYR" name="Belarusian ruble"><countries><item>Belarus</item></countries></item><item fractionalUnit="Cent" simbol="$" code="BZD" name="Belize dollar"><countries><item>Belize</item></countries></item><item fractionalUnit="Centime" simbol="Fr" code="XOF" name="West African CFA franc"><countries><item>Benin</item><item>Burkina Faso</item><item>Côte d'Ivoire</item><item>Guinea-Bissau</item><item>Mali</item><item>Niger</item><item>Senegal</item><item>Togo</item></countries></item><item fractionalUnit="Cent" simbol="$" code="BMD" name="Bermudian dollar"><countries><item>Bermuda</item></countries></item><item fractionalUnit="Chetrum" simbol="Nu." code="BTN" name="Bhutanese ngultrum"><countries><item>Bhutan</item></countries></item><item fractionalUnit="Paisa" simbol="₹" code="INR" name="Indian rupee"><countries><item>India</item></countries></item><item fractionalUnit="Centavo" simbol="Bs." code="BOB" name="Bolivian boliviano"><countries><item>Bolivia</item></countries></item><item fractionalUnit="Cent" simbol="$" code="USD" name="United States dollar"><countries><item>Bonaire</item><item>British Indian Ocean Territory</item><item>East Timor</item><item>Ecuador</item><item>Marshall Islands</item><item>Saba</item><item>Sint Eustatius</item><item>Turks and Caicos Islands</item><item>United States</item></countries></item><item fractionalUnit="Fening" simbol="KM or КМ" code="BAM" name="Bosnia and Herzegovina convertible mark"><countries><item>Bosnia and Herzegovina</item></countries></item><item fractionalUnit="Thebe" simbol="P" code="BWP" name="Botswana pula"><countries><item>Botswana</item><item>Zimbabwe</item></countries></item><item fractionalUnit="Centavo" simbol="R$" code="BRL" name="Brazilian real"><countries><item>Brazil</item></countries></item><item fractionalUnit="Sen" simbol="$" code="BND" name="Brunei dollar"><countries><item>Brunei</item><item>Singapore</item></countries></item><item fractionalUnit="Cent" simbol="$" code="SGD" name="Singapore dollar"><countries></countries></item><item fractionalUnit="Stotinka" simbol="лв" code="BGN" name="Bulgarian lev"><countries><item>Bulgaria</item></countries></item><item fractionalUnit="Pya" simbol="K" code="MMK" name="Myanma kyat"><countries><item>Burma</item></countries></item><item fractionalUnit="Centime" simbol="Fr" code="BIF" name="Burundian franc"><countries><item>Burundi</item></countries></item><item fractionalUnit="Sen" simbol="៛" code="KHR" name="Cambodian riel"><countries><item>Cambodia</item></countries></item><item fractionalUnit="Centime" simbol="Fr" code="XAF" name="Central African CFA franc"><countries><item>Cameroon</item><item>Central African Republic</item><item>Chad</item><item>Congo, Republic of the</item><item>Equatorial Guinea</item><item>Gabon</item></countries></item><item fractionalUnit="Cent" simbol="$" code="CAD" name="Canadian dollar"><countries><item>Canada</item></countries></item><item fractionalUnit="Centavo" simbol="Esc or $" code="CVE" name="Cape Verdean escudo"><countries><item>Cape Verde</item></countries></item><item fractionalUnit="Cent" simbol="$" code="KYD" name="Cayman Islands dollar"><countries><item>Cayman Islands</item></countries></item><item fractionalUnit="Centavo" simbol="$" code="CLP" name="Chilean peso"><countries><item>Chile</item></countries></item><item fractionalUnit="Fen" simbol="¥ or 元" code="CNY" name="Chinese yuan"><countries><item>China</item></countries></item><item fractionalUnit="Centavo" simbol="$" code="COP" name="Colombian peso"><countries><item>Colombia</item></countries></item><item fractionalUnit="Centime" simbol="Fr" code="KMF" name="Comorian franc"><countries><item>Comoros</item></countries></item><item fractionalUnit="Centime" simbol="Fr" code="CDF" name="Congolese franc"><countries><item>Congo, Democratic Republic of the</item></countries></item><item fractionalUnit="Cent" simbol="$" code="NZD" name="New Zealand dollar"><countries><item>Cook Islands</item><item>New Zealand</item><item>Niue</item><item>Pitcairn Islands</item></countries></item><item fractionalUnit="Céntimo" simbol="₡" code="CRC" name="Costa Rican colón"><countries><item>Costa Rica</item></countries></item><item fractionalUnit="Lipa" simbol="kn" code="HRK" name="Croatian kuna"><countries><item>Croatia</item></countries></item><item fractionalUnit="Centavo" simbol="$" code="CUC" name="Cuban convertible peso"><countries><item>Cuba</item></countries></item><item fractionalUnit="Centavo" simbol="$" code="CUP" name="Cuban peso"><countries></countries></item><item fractionalUnit="Cent" simbol="ƒ" code="ANG" name="Netherlands Antillean guilder"><countries><item>Curaçao</item><item>Sint Maarten</item></countries></item><item fractionalUnit="Haléř" simbol="Kč" code="CZK" name="Czech koruna"><countries><item>Czech Republic</item></countries></item><item fractionalUnit="Øre" simbol="kr" code="DKK" name="Danish krone"><countries><item>Denmark</item><item>Faroe Islands</item></countries></item><item fractionalUnit="Centime" simbol="Fr" code="DJF" name="Djiboutian franc"><countries><item>Djibouti</item></countries></item><item fractionalUnit="Centavo" simbol="$" code="DOP" name="Dominican peso"><countries><item>Dominican Republic</item></countries></item><item fractionalUnit="piaster" simbol="£ or ج.م" code="EGP" name="Egyptian pound"><countries><item>Egypt</item></countries></item><item fractionalUnit="Centavo" simbol="₡" code="SVC" name="Salvadoran colón"><countries><item>El Salvador</item></countries></item><item fractionalUnit="Cent" simbol="Nfk" code="ERN" name="Eritrean nakfa"><countries><item>Eritrea</item></countries></item><item fractionalUnit="Santim" simbol="Br" code="ETB" name="Ethiopian birr"><countries><item>Ethiopia</item></countries></item><item fractionalUnit="Penny" simbol="£" code="FKP" name="Falkland Islands pound"><countries><item>Falkland Islands</item></countries></item><item fractionalUnit="Cent" simbol="$" code="FJD" name="Fijian dollar"><countries><item>Fiji</item></countries></item><item fractionalUnit="Centime" simbol="Fr" code="XPF" name="CFP franc"><countries><item>French Polynesia</item><item>New Caledonia</item><item>Wallis and Futuna</item></countries></item><item fractionalUnit="Butut" simbol="D" code="GMD" name="Gambian dalasi"><countries><item>Gambia</item></countries></item><item fractionalUnit="Tetri" simbol="ლ" code="GEL" name="Georgian lari"><countries><item>Georgia</item></countries></item><item fractionalUnit="Pesewa" simbol="₵" code="GHS" name="Ghanaian cedi"><countries><item>Ghana</item></countries></item><item fractionalUnit="Penny" simbol="£" code="GIP" name="Gibraltar pound"><countries><item>Gibraltar</item></countries></item><item fractionalUnit="Centavo" simbol="Q" code="GTQ" name="Guatemalan quetzal"><countries><item>Guatemala</item></countries></item><item fractionalUnit="Centime" simbol="Fr" code="GNF" name="Guinean franc"><countries><item>Guinea</item></countries></item><item fractionalUnit="Cent" simbol="$" code="GYD" name="Guyanese dollar"><countries><item>Guyana</item></countries></item><item fractionalUnit="Centime" simbol="G" code="HTG" name="Haitian gourde"><countries><item>Haiti</item></countries></item><item fractionalUnit="Centavo" simbol="L" code="HNL" name="Honduran lempira"><countries><item>Honduras</item></countries></item><item fractionalUnit="Cent" simbol="$" code="HKD" name="Hong Kong dollar"><countries><item>Hong Kong</item></countries></item><item fractionalUnit="Fillér" simbol="Ft" code="HUF" name="Hungarian forint"><countries><item>Hungary</item></countries></item><item fractionalUnit="Eyrir" simbol="kr" code="ISK" name="Icelandic króna"><countries><item>Iceland</item></countries></item><item fractionalUnit="Sen" simbol="Rp" code="IDR" name="Indonesian rupiah"><countries><item>Indonesia</item></countries></item><item fractionalUnit="Dinar" simbol="﷼" code="IRR" name="Iranian rial"><countries><item>Iran</item></countries></item><item fractionalUnit="Fils" simbol="ع.د" code="IQD" name="Iraqi dinar"><countries><item>Iraq</item></countries></item><item fractionalUnit="Agora" simbol="₪" code="ILS" name="Israeli new shekel"><countries><item>Israel</item><item>Palestine</item></countries></item><item fractionalUnit="Cent" simbol="$" code="JMD" name="Jamaican dollar"><countries><item>Jamaica</item></countries></item><item fractionalUnit="Sen" simbol="¥" code="JPY" name="Japanese yen"><countries><item>Japan</item></countries></item><item fractionalUnit="fils" simbol="د.ا" code="JOD" name="Jordanian dinar"><countries><item>Jordan</item></countries></item><item fractionalUnit="Tïın" simbol="₸" code="KZT" name="Kazakhstani tenge"><countries><item>Kazakhstan</item></countries></item><item fractionalUnit="Cent" simbol="Sh" code="KES" name="Kenyan shilling"><countries><item>Kenya</item></countries></item><item fractionalUnit="Chon" simbol="₩" code="KPW" name="North Korean won"><countries><item>North Korea</item></countries></item><item fractionalUnit="Jeon" simbol="₩" code="KRW" name="South Korean won"><countries><item>South Korea</item></countries></item><item fractionalUnit="Fils" simbol="د.ك" code="KWD" name="Kuwaiti dinar"><countries><item>Kuwait</item></countries></item><item fractionalUnit="Tyiyn" simbol="лв" code="KGS" name="Kyrgyzstani som"><countries><item>Kyrgyzstan</item></countries></item><item fractionalUnit="Att" simbol="₭" code="LAK" name="Lao kip"><countries><item>Laos</item></countries></item><item fractionalUnit="Santīms" simbol="Ls" code="LVL" name="Latvian lats"><countries><item>Latvia</item></countries></item><item fractionalUnit="Piastre" simbol="ل.ل" code="LBP" name="Lebanese pound"><countries><item>Lebanon</item></countries></item><item fractionalUnit="Sente" simbol="L" code="LSL" name="Lesotho loti"><countries><item>Lesotho</item></countries></item><item fractionalUnit="Cent" simbol="R" code="ZAR" name="South African rand"><countries><item>South Africa</item></countries></item><item fractionalUnit="Cent" simbol="$" code="LRD" name="Liberian dollar"><countries><item>Liberia</item></countries></item><item fractionalUnit="Dirham" simbol="ل.د" code="LYD" name="Libyan dinar"><countries><item>Libya</item></countries></item><item fractionalUnit="Rappen" simbol="Fr" code="CHF" name="Swiss franc"><countries><item>Liechtenstein</item><item>Switzerland</item></countries></item><item fractionalUnit="Centas" simbol="Lt" code="LTL" name="Lithuanian litas"><countries><item>Lithuania</item></countries></item><item fractionalUnit="Avo" simbol="P" code="MOP" name="Macanese pataca"><countries><item>Macau</item></countries></item><item fractionalUnit="Deni" simbol="ден" code="MKD" name="Macedonian denar"><countries><item>Macedonia</item></countries></item><item fractionalUnit="Iraimbilanja" simbol="Ar" code="MGA" name="Malagasy ariary"><countries><item>Madagascar</item></countries></item><item fractionalUnit="Tambala" simbol="MK" code="MWK" name="Malawian kwacha"><countries><item>Malawi</item></countries></item><item fractionalUnit="Sen" simbol="RM" code="MYR" name="Malaysian ringgit"><countries><item>Malaysia</item></countries></item><item fractionalUnit="Laari" simbol="ރ." code="MVR" name="Maldivian rufiyaa"><countries><item>Maldives</item></countries></item><item fractionalUnit="Khoums" simbol="UM" code="MRO" name="Mauritanian ouguiya"><countries><item>Mauritania</item></countries></item><item fractionalUnit="Cent" simbol="₨" code="MUR" name="Mauritian rupee"><countries><item>Mauritius</item></countries></item><item fractionalUnit="Centavo" simbol="$" code="MXN" name="Mexican peso"><countries><item>Mexico</item></countries></item><item fractionalUnit="Ban" simbol="L" code="MDL" name="Moldovan leu"><countries><item>Moldova</item></countries></item><item fractionalUnit="Möngö" simbol="₮" code="MNT" name="Mongolian tögrög"><countries><item>Mongolia</item></countries></item><item fractionalUnit="Centime" simbol="د.م." code="MAD" name="Moroccan dirham"><countries><item>Morocco</item><item>Western Sahara</item></countries></item><item fractionalUnit="Centavo" simbol="MTn" code="MZN" name="Mozambican metical"><countries><item>Mozambique</item></countries></item><item fractionalUnit="Cent" simbol="$" code="NAD" name="Namibian dollar"><countries><item>Namibia</item></countries></item><item fractionalUnit="Paisa" simbol="₨" code="NPR" name="Nepalese rupee"><countries><item>Nepal</item></countries></item><item fractionalUnit="Centavo" simbol="C$" code="NIO" name="Nicaraguan córdoba"><countries><item>Nicaragua</item></countries></item><item fractionalUnit="Kobo" simbol="₦" code="NGN" name="Nigerian naira"><countries><item>Nigeria</item></countries></item><item fractionalUnit="Kuruş" simbol="TL" code="TRY" name="Turkish lira"><countries><item>Northern Cyprus</item><item>Turkey</item></countries></item><item fractionalUnit="Øre" simbol="kr" code="NOK" name="Norwegian krone"><countries><item>Norway</item></countries></item><item fractionalUnit="Baisa" simbol="ر.ع." code="OMR" name="Omani rial"><countries><item>Oman</item></countries></item><item fractionalUnit="Paisa" simbol="₨" code="PKR" name="Pakistani rupee"><countries><item>Pakistan</item></countries></item><item fractionalUnit="Centésimo" simbol="B/." code="PAB" name="Panamanian balboa"><countries><item>Panama</item></countries></item><item fractionalUnit="Toea" simbol="K" code="PGK" name="Papua New Guinean kina"><countries><item>Papua New Guinea</item></countries></item><item fractionalUnit="Céntimo" simbol="₲" code="PYG" name="Paraguayan guaraní"><countries><item>Paraguay</item></countries></item><item fractionalUnit="Céntimo" simbol="S/." code="PEN" name="Peruvian nuevo sol"><countries><item>Peru</item></countries></item><item fractionalUnit="Centavo" simbol="₱" code="PHP" name="Philippine peso"><countries><item>Philippines</item></countries></item><item fractionalUnit="Grosz" simbol="zł" code="PLN" name="Polish złoty"><countries><item>Poland</item></countries></item><item fractionalUnit="Dirham" simbol="ر.ق" code="QAR" name="Qatari riyal"><countries><item>Qatar</item></countries></item><item fractionalUnit="Ban" simbol="L" code="RON" name="Romanian leu"><countries><item>Romania</item></countries></item><item fractionalUnit="Centime" simbol="Fr" code="RWF" name="Rwandan franc"><countries><item>Rwanda</item></countries></item><item fractionalUnit="Sene" simbol="T" code="WST" name="Samoan tala"><countries><item>Samoa</item></countries></item><item fractionalUnit="Cêntimo" simbol="Db" code="STD" name="São Tomé and Príncipe dobra"><countries><item>São Tomé and Príncipe</item></countries></item><item fractionalUnit="Hallallah" simbol="ر.س" code="SAR" name="Saudi riyal"><countries><item>Saudi Arabia</item></countries></item><item fractionalUnit="Para" simbol="дин. or din." code="RSD" name="Serbian dinar"><countries><item>Serbia</item></countries></item><item fractionalUnit="Cent" simbol="₨" code="SCR" name="Seychellois rupee"><countries><item>Seychelles</item></countries></item><item fractionalUnit="Cent" simbol="Le" code="SLL" name="Sierra Leonean leone"><countries><item>Sierra Leone</item></countries></item><item fractionalUnit="Cent" simbol="$" code="SBD" name="Solomon Islands dollar"><countries><item>Solomon Islands</item></countries></item><item fractionalUnit="Cent" simbol="Sh" code="SOS" name="Somali shilling"><countries><item>Somalia</item></countries></item><item fractionalUnit="Piastre" simbol="£" code="SDG" name="Sudanese pound"><countries><item>South Sudan</item><item>Sudan</item></countries></item><item fractionalUnit="Cent" simbol="Rs" code="LKR" name="Sri Lankan rupee"><countries><item>Sri Lanka</item></countries></item><item fractionalUnit="Cent" simbol="$" code="SRD" name="Surinamese dollar"><countries><item>Suriname</item></countries></item><item fractionalUnit="Cent" simbol="L" code="SZL" name="Swazi lilangeni"><countries><item>Swaziland</item></countries></item><item fractionalUnit="Öre" simbol="kr" code="SEK" name="Swedish krona"><countries><item>Sweden</item></countries></item><item fractionalUnit="Piastre" simbol="£ or ل.س" code="SYP" name="Syrian pound"><countries><item>Syria</item></countries></item><item fractionalUnit="Cent" simbol="$" code="TWD" name="New Taiwan dollar"><countries><item>Taiwan</item></countries></item><item fractionalUnit="Diram" simbol="ЅМ" code="TJS" name="Tajikistani somoni"><countries><item>Tajikistan</item></countries></item><item fractionalUnit="Cent" simbol="Sh" code="TZS" name="Tanzanian shilling"><countries><item>Tanzania</item></countries></item><item fractionalUnit="Satang" simbol="฿" code="THB" name="Thai baht"><countries><item>Thailand</item></countries></item><item fractionalUnit="Seniti" simbol="T$" code="TOP" name="Tongan paʻanga"><countries><item>Tonga</item></countries></item><item fractionalUnit="Cent" simbol="$" code="TTD" name="Trinidad and Tobago dollar"><countries><item>Trinidad and Tobago</item></countries></item><item fractionalUnit="Millime" simbol="د.ت" code="TND" name="Tunisian dinar"><countries><item>Tunisia</item></countries></item><item fractionalUnit="Tennesi" simbol="m" code="TMT" name="Turkmenistani manat"><countries><item>Turkmenistan</item></countries></item><item fractionalUnit="Cent" simbol="Sh" code="UGX" name="Ugandan shilling"><countries><item>Uganda</item></countries></item><item fractionalUnit="Kopiyka" simbol="₴" code="UAH" name="Ukrainian hryvnia"><countries><item>Ukraine</item></countries></item><item fractionalUnit="Fils" simbol="د.إ" code="AED" name="United Arab Emirates dirham"><countries><item>United Arab Emirates</item></countries></item><item fractionalUnit="Centésimo" simbol="$" code="UYU" name="Uruguayan peso"><countries><item>Uruguay</item></countries></item><item fractionalUnit="Tiyin" simbol="лв" code="UZS" name="Uzbekistani som"><countries><item>Uzbekistan</item></countries></item><item fractionalUnit="False" simbol="Vt" code="VUV" name="Vanuatu vatu"><countries><item>Vanuatu</item></countries></item><item fractionalUnit="Céntimo" simbol="Bs F" code="VEF" name="Venezuelan bolívar"><countries><item>Venezuela</item></countries></item><item fractionalUnit="Hào" simbol="₫" code="VND" name="Vietnamese đồng"><countries><item>Vietnam</item></countries></item><item fractionalUnit="Fils" simbol="﷼" code="YER" name="Yemeni rial"><countries><item>Yemen</item></countries></item><item fractionalUnit="Ngwee" simbol="ZK" code="ZMK" name="Zambian kwacha"><countries><item>Zambia</item></countries></item></items>