{"service" : {
  "name" : "search"
},
"parameters" : {
  "inverse-lookup" : { },
  "type-filters" : { },
  "flags" : {
    "flag" : [ {
      "value" : "resource"
    } ]
  },
  "query-strings" : {
    "query-string" : [ {
      "value" : "ip"
    } ]
  },
  "sources" : { }
},
"objects" : {
  "object" : [ {
    "type" : "inetnum",
    "link" : {
      "type" : "locator",
      "href" : "http://rest.db.ripe.net/afrinic-grs/inetnum/197.242.184.0 - 197.242.184.255"
    },
    "source" : {
      "id" : "afrinic-grs"
    },
    "primary-key" : {
      "attribute" : [ {
        "name" : "inetnum",
        "value" : "197.242.184.0 - 197.242.184.255"
      } ]
    },
    "attributes" : {
      "attribute" : [ {
        "name" : "inetnum",
        "value" : "197.242.184.0 - 197.242.184.255"
      }, {
        "name" : "netname",
        "value" : "IP"
      }, {
        "name" : "descr",
        "value" : "IP"
      }, {
        "name" : "country",
        "value" : "MU"
      }, {
        "name" : "admin-c",
        "value" : "DUMY-RIPE"
      }, {
        "name" : "tech-c",
        "value" : "DUMY-RIPE"
      }, {
        "name" : "status",
        "value" : "ASSIGNED PA"
      }, {
        "link" : {
          "type" : "locator",
          "href" : "http://rest.db.ripe.net/afrinic-grs/mntner/BHARAT-TEL-MNT"
        },
        "name" : "mnt-by",
        "value" : "BHARAT-TEL-MNT",
        "referenced-type" : "mntner"
      }, {
        "name" : "changed",
        "value" : "unread@ripe.net 20000101"
      }, {
        "name" : "source",
        "value" : "AFRINIC-GRS"
      }, {
        "name" : "remarks",
        "value" : "****************************"
      }, {
        "name" : "remarks",
        "value" : "* THIS OBJECT IS MODIFIED"
      }, {
        "name" : "remarks",
        "value" : "* Please note that all data that is generally regarded as personal"
      }, {
        "name" : "remarks",
        "value" : "* data has been removed from this object."
      }, {
        "name" : "remarks",
        "value" : "* To view the original object, please query the AFRINIC Database at:"
      }, {
        "name" : "remarks",
        "value" : "* http://www.afrinic.net/"
      }, {
        "name" : "remarks",
        "value" : "****************************"
      } ]
    },
    "tags" : {
      "tag" : [ {
        "id" : "AFRINIC-USER-RESOURCE",
        "data" : null
      } ]
    }
  }, {
    "type" : "inetnum",
    "link" : {
      "type" : "locator",
      "href" : "http://rest.db.ripe.net/apnic-grs/inetnum/116.66.204.48 - 116.66.204.55"
    },
    "source" : {
      "id" : "apnic-grs"
    },
    "primary-key" : {
      "attribute" : [ {
        "name" : "inetnum",
        "value" : "116.66.204.48 - 116.66.204.55"
      } ]
    },
    "attributes" : {
      "attribute" : [ {
        "name" : "inetnum",
        "value" : "116.66.204.48 - 116.66.204.55"
      }, {
        "name" : "netname",
        "value" : "IP"
      }, {
        "name" : "country",
        "value" : "ID"
      }, {
        "name" : "descr",
        "value" : "Indonesia Power"
      }, {
        "name" : "descr",
        "value" : "Electric Company"
      }, {
        "name" : "descr",
        "value" : "Jakarta Selatan"
      }, {
        "name" : "admin-c",
        "value" : "DUMY-RIPE"
      }, {
        "name" : "tech-c",
        "value" : "DUMY-RIPE"
      }, {
        "name" : "status",
        "value" : "ASSIGNED NON-PORTABLE"
      }, {
        "name" : "changed",
        "value" : "unread@ripe.net 20000101"
      }, {
        "link" : {
          "type" : "locator",
          "href" : "http://rest.db.ripe.net/apnic-grs/mntner/MAINT-ID-CNI"
        },
        "name" : "mnt-by",
        "value" : "MAINT-ID-CNI",
        "referenced-type" : "mntner"
      }, {
        "name" : "source",
        "value" : "APNIC-GRS"
      }, {
        "name" : "remarks",
        "value" : "****************************"
      }, {
        "name" : "remarks",
        "value" : "* THIS OBJECT IS MODIFIED"
      }, {
        "name" : "remarks",
        "value" : "* Please note that all data that is generally regarded as personal"
      }, {
        "name" : "remarks",
        "value" : "* data has been removed from this object."
      }, {
        "name" : "remarks",
        "value" : "* To view the original object, please query the APNIC Database at:"
      }, {
        "name" : "remarks",
        "value" : "* http://www.apnic.net/"
      }, {
        "name" : "remarks",
        "value" : "****************************"
      } ]
    },
    "tags" : {
      "tag" : [ {
        "id" : "APNIC-USER-RESOURCE",
        "data" : null
      } ]
    }
  }, {
    "type" : "inetnum",
    "link" : {
      "type" : "locator",
      "href" : "http://rest.db.ripe.net/apnic-grs/inetnum/116.66.204.96 - 116.66.204.103"
    },
    "source" : {
      "id" : "apnic-grs"
    },
    "primary-key" : {
      "attribute" : [ {
        "name" : "inetnum",
        "value" : "116.66.204.96 - 116.66.204.103"
      } ]
    },
    "attributes" : {
      "attribute" : [ {
        "name" : "inetnum",
        "value" : "116.66.204.96 - 116.66.204.103"
      }, {
        "name" : "netname",
        "value" : "IP"
      }, {
        "name" : "country",
        "value" : "ID"
      }, {
        "name" : "descr",
        "value" : "Lembaga Administrasi Negara"
      }, {
        "name" : "descr",
        "value" : "Goverment"
      }, {
        "name" : "descr",
        "value" : "Jakarta Pusat"
      }, {
        "name" : "admin-c",
        "value" : "DUMY-RIPE"
      }, {
        "name" : "tech-c",
        "value" : "DUMY-RIPE"
      }, {
        "name" : "status",
        "value" : "ASSIGNED NON-PORTABLE"
      }, {
        "name" : "changed",
        "value" : "unread@ripe.net 20000101"
      }, {
        "link" : {
          "type" : "locator",
          "href" : "http://rest.db.ripe.net/apnic-grs/mntner/MAINT-ID-CNI"
        },
        "name" : "mnt-by",
        "value" : "MAINT-ID-CNI",
        "referenced-type" : "mntner"
      }, {
        "name" : "source",
        "value" : "APNIC-GRS"
      }, {
        "name" : "remarks",
        "value" : "****************************"
      }, {
        "name" : "remarks",
        "value" : "* THIS OBJECT IS MODIFIED"
      }, {
        "name" : "remarks",
        "value" : "* Please note that all data that is generally regarded as personal"
      }, {
        "name" : "remarks",
        "value" : "* data has been removed from this object."
      }, {
        "name" : "remarks",
        "value" : "* To view the original object, please query the APNIC Database at:"
      }, {
        "name" : "remarks",
        "value" : "* http://www.apnic.net/"
      }, {
        "name" : "remarks",
        "value" : "****************************"
      } ]
    },
    "tags" : {
      "tag" : [ {
        "id" : "APNIC-USER-RESOURCE",
        "data" : null
      } ]
    }
  }, {
    "type" : "inetnum",
    "link" : {
      "type" : "locator",
      "href" : "http://rest.db.ripe.net/apnic-grs/inetnum/183.64.104.15 - 183.64.104.15"
    },
    "source" : {
      "id" : "apnic-grs"
    },
    "primary-key" : {
      "attribute" : [ {
        "name" : "inetnum",
        "value" : "183.64.104.15 - 183.64.104.15"
      } ]
    },
    "attributes" : {
      "attribute" : [ {
        "name" : "inetnum",
        "value" : "183.64.104.15 - 183.64.104.15"
      }, {
        "name" : "netname",
        "value" : "IP"
      }, {
        "name" : "descr",
        "value" : "IP"
      }, {
        "name" : "country",
        "value" : "CN"
      }, {
        "link" : {
          "type" : "locator",
          "href" : "http://rest.db.ripe.net/apnic-grs/person/DUMY-RIPE"
        },
        "name" : "admin-c",
        "value" : "DUMY-RIPE",
        "referenced-type" : "person"
      }, {
        "link" : {
          "type" : "locator",
          "href" : "http://rest.db.ripe.net/apnic-grs/person/DUMY-RIPE"
        },
        "name" : "tech-c",
        "value" : "DUMY-RIPE",
        "referenced-type" : "person"
      }, {
        "name" : "status",
        "value" : "ALLOCATED NON-PORTABLE"
      }, {
        "link" : {
          "type" : "locator",
          "href" : "http://rest.db.ripe.net/apnic-grs/mntner/MAINT-CHINANET-CQ"
        },
        "name" : "mnt-by",
        "value" : "MAINT-CHINANET-CQ",
        "referenced-type" : "mntner"
      }, {
        "link" : {
          "type" : "locator",
          "href" : "http://rest.db.ripe.net/apnic-grs/irt/IRT-CHINANET-CQ"
        },
        "name" : "mnt-irt",
        "value" : "IRT-CHINANET-CQ",
        "referenced-type" : "irt"
      }, {
        "name" : "changed",
        "value" : "unread@ripe.net 20000101"
      }, {
        "name" : "source",
        "value" : "APNIC-GRS"
      }, {
        "name" : "remarks",
        "value" : "****************************"
      }, {
        "name" : "remarks",
        "value" : "* THIS OBJECT IS MODIFIED"
      }, {
        "name" : "remarks",
        "value" : "* Please note that all data that is generally regarded as personal"
      }, {
        "name" : "remarks",
        "value" : "* data has been removed from this object."
      }, {
        "name" : "remarks",
        "value" : "* To view the original object, please query the APNIC Database at:"
      }, {
        "name" : "remarks",
        "value" : "* http://www.apnic.net/"
      }, {
        "name" : "remarks",
        "value" : "****************************"
      } ]
    },
    "tags" : {
      "tag" : [ {
        "id" : "APNIC-USER-RESOURCE",
        "data" : null
      } ]
    }
  }, {
    "type" : "inetnum",
    "link" : {
      "type" : "locator",
      "href" : "http://rest.db.ripe.net/ripe-grs/inetnum/62.90.237.232 - 62.90.237.239"
    },
    "source" : {
      "id" : "ripe-grs"
    },
    "primary-key" : {
      "attribute" : [ {
        "name" : "inetnum",
        "value" : "62.90.237.232 - 62.90.237.239"
      } ]
    },
    "attributes" : {
      "attribute" : [ {
        "name" : "inetnum",
        "value" : "62.90.237.232 - 62.90.237.239"
      }, {
        "name" : "netname",
        "value" : "ip"
      }, {
        "name" : "descr",
        "value" : "ip@veraznetworks.com"
      }, {
        "name" : "country",
        "value" : "IL"
      }, {
        "link" : {
          "type" : "locator",
          "href" : "http://rest.db.ripe.net/ripe-grs/person/DUMY-RIPE"
        },
        "name" : "admin-c",
        "value" : "DUMY-RIPE",
        "referenced-type" : "person"
      }, {
        "link" : {
          "type" : "locator",
          "href" : "http://rest.db.ripe.net/ripe-grs/person/DUMY-RIPE"
        },
        "name" : "tech-c",
        "value" : "DUMY-RIPE",
        "referenced-type" : "person"
      }, {
        "name" : "status",
        "value" : "ASSIGNED PA"
      }, {
        "link" : {
          "type" : "locator",
          "href" : "http://rest.db.ripe.net/ripe-grs/mntner/NV-MNT-RIPE"
        },
        "name" : "mnt-by",
        "value" : "NV-MNT-RIPE",
        "referenced-type" : "mntner"
      }, {
        "link" : {
          "type" : "locator",
          "href" : "http://rest.db.ripe.net/ripe-grs/mntner/NV-MNT-RIPE"
        },
        "name" : "mnt-lower",
        "value" : "NV-MNT-RIPE",
        "referenced-type" : "mntner"
      }, {
        "name" : "changed",
        "value" : "unread@ripe.net 20000101"
      }, {
        "name" : "source",
        "value" : "RIPE-GRS"
      }, {
        "name" : "remarks",
        "value" : "****************************"
      }, {
        "name" : "remarks",
        "value" : "* THIS OBJECT IS MODIFIED"
      }, {
        "name" : "remarks",
        "value" : "* Please note that all data that is generally regarded as personal"
      }, {
        "name" : "remarks",
        "value" : "* data has been removed from this object."
      }, {
        "name" : "remarks",
        "value" : "* To view the original object, please query the RIPE Database at:"
      }, {
        "name" : "remarks",
        "value" : "* http://www.ripe.net/whois"
      }, {
        "name" : "remarks",
        "value" : "****************************"
      } ]
    },
    "tags" : {
      "tag" : [ {
        "id" : "RIPE-USER-RESOURCE",
        "data" : null
      } ]
    }
  }, {
    "type" : "inetnum",
    "link" : {
      "type" : "locator",
      "href" : "http://rest.db.ripe.net/ripe-grs/inetnum/82.109.119.32 - 82.109.119.47"
    },
    "source" : {
      "id" : "ripe-grs"
    },
    "primary-key" : {
      "attribute" : [ {
        "name" : "inetnum",
        "value" : "82.109.119.32 - 82.109.119.47"
      } ]
    },
    "attributes" : {
      "attribute" : [ {
        "name" : "inetnum",
        "value" : "82.109.119.32 - 82.109.119.47"
      }, {
        "name" : "netname",
        "value" : "IP"
      }, {
        "name" : "descr",
        "value" : "IP Performance Ltd - Luxonic Lighting Plc"
      }, {
        "name" : "descr",
        "value" : "Office"
      }, {
        "name" : "descr",
        "value" : "Manchester"
      }, {
        "name" : "country",
        "value" : "GB"
      }, {
        "link" : {
          "type" : "locator",
          "href" : "http://rest.db.ripe.net/ripe-grs/person/DUMY-RIPE"
        },
        "name" : "admin-c",
        "value" : "DUMY-RIPE",
        "referenced-type" : "person"
      }, {
        "link" : {
          "type" : "locator",
          "href" : "http://rest.db.ripe.net/ripe-grs/person/DUMY-RIPE"
        },
        "name" : "tech-c",
        "value" : "DUMY-RIPE",
        "referenced-type" : "person"
      }, {
        "name" : "status",
        "value" : "ASSIGNED PA"
      }, {
        "link" : {
          "type" : "locator",
          "href" : "http://rest.db.ripe.net/ripe-grs/mntner/EASYNET-UK-MNT"
        },
        "name" : "mnt-by",
        "value" : "EASYNET-UK-MNT",
        "referenced-type" : "mntner"
      }, {
        "name" : "changed",
        "value" : "unread@ripe.net 20000101"
      }, {
        "name" : "source",
        "value" : "RIPE-GRS"
      }, {
        "name" : "remarks",
        "value" : "****************************"
      }, {
        "name" : "remarks",
        "value" : "* THIS OBJECT IS MODIFIED"
      }, {
        "name" : "remarks",
        "value" : "* Please note that all data that is generally regarded as personal"
      }, {
        "name" : "remarks",
        "value" : "* data has been removed from this object."
      }, {
        "name" : "remarks",
        "value" : "* To view the original object, please query the RIPE Database at:"
      }, {
        "name" : "remarks",
        "value" : "* http://www.ripe.net/whois"
      }, {
        "name" : "remarks",
        "value" : "****************************"
      } ]
    },
    "tags" : {
      "tag" : [ {
        "id" : "RIPE-USER-RESOURCE",
        "data" : null
      } ]
    }
  }, {
    "type" : "inetnum",
    "link" : {
      "type" : "locator",
      "href" : "http://rest.db.ripe.net/ripe-grs/inetnum/82.109.242.168 - 82.109.242.171"
    },
    "source" : {
      "id" : "ripe-grs"
    },
    "primary-key" : {
      "attribute" : [ {
        "name" : "inetnum",
        "value" : "82.109.242.168 - 82.109.242.171"
      } ]
    },
    "attributes" : {
      "attribute" : [ {
        "name" : "inetnum",
        "value" : "82.109.242.168 - 82.109.242.171"
      }, {
        "name" : "netname",
        "value" : "IP"
      }, {
        "name" : "descr",
        "value" : "IP Performance Ltd - Trilliom"
      }, {
        "name" : "descr",
        "value" : "Office"
      }, {
        "name" : "descr",
        "value" : "Basingstoke"
      }, {
        "name" : "country",
        "value" : "GB"
      }, {
        "link" : {
          "type" : "locator",
          "href" : "http://rest.db.ripe.net/ripe-grs/person/DUMY-RIPE"
        },
        "name" : "admin-c",
        "value" : "DUMY-RIPE",
        "referenced-type" : "person"
      }, {
        "link" : {
          "type" : "locator",
          "href" : "http://rest.db.ripe.net/ripe-grs/person/DUMY-RIPE"
        },
        "name" : "tech-c",
        "value" : "DUMY-RIPE",
        "referenced-type" : "person"
      }, {
        "name" : "status",
        "value" : "ASSIGNED PA"
      }, {
        "link" : {
          "type" : "locator",
          "href" : "http://rest.db.ripe.net/ripe-grs/mntner/EASYNET-UK-MNT"
        },
        "name" : "mnt-by",
        "value" : "EASYNET-UK-MNT",
        "referenced-type" : "mntner"
      }, {
        "name" : "changed",
        "value" : "unread@ripe.net 20000101"
      }, {
        "name" : "source",
        "value" : "RIPE-GRS"
      }, {
        "name" : "remarks",
        "value" : "****************************"
      }, {
        "name" : "remarks",
        "value" : "* THIS OBJECT IS MODIFIED"
      }, {
        "name" : "remarks",
        "value" : "* Please note that all data that is generally regarded as personal"
      }, {
        "name" : "remarks",
        "value" : "* data has been removed from this object."
      }, {
        "name" : "remarks",
        "value" : "* To view the original object, please query the RIPE Database at:"
      }, {
        "name" : "remarks",
        "value" : "* http://www.ripe.net/whois"
      }, {
        "name" : "remarks",
        "value" : "****************************"
      } ]
    },
    "tags" : {
      "tag" : [ {
        "id" : "RIPE-USER-RESOURCE",
        "data" : null
      } ]
    }
  }, {
    "type" : "inetnum",
    "link" : {
      "type" : "locator",
      "href" : "http://rest.db.ripe.net/ripe-grs/inetnum/87.85.244.32 - 87.85.244.39"
    },
    "source" : {
      "id" : "ripe-grs"
    },
    "primary-key" : {
      "attribute" : [ {
        "name" : "inetnum",
        "value" : "87.85.244.32 - 87.85.244.39"
      } ]
    },
    "attributes" : {
      "attribute" : [ {
        "name" : "inetnum",
        "value" : "87.85.244.32 - 87.85.244.39"
      }, {
        "name" : "netname",
        "value" : "IP"
      }, {
        "name" : "descr",
        "value" : "IP Performance Ltd - Jackson Civil Engineering Ltd"
      }, {
        "name" : "descr",
        "value" : "Office"
      }, {
        "name" : "descr",
        "value" : "Sutton-in-ashfield"
      }, {
        "name" : "country",
        "value" : "GB"
      }, {
        "link" : {
          "type" : "locator",
          "href" : "http://rest.db.ripe.net/ripe-grs/person/DUMY-RIPE"
        },
        "name" : "admin-c",
        "value" : "DUMY-RIPE",
        "referenced-type" : "person"
      }, {
        "link" : {
          "type" : "locator",
          "href" : "http://rest.db.ripe.net/ripe-grs/person/DUMY-RIPE"
        },
        "name" : "tech-c",
        "value" : "DUMY-RIPE",
        "referenced-type" : "person"
      }, {
        "name" : "status",
        "value" : "ASSIGNED PA"
      }, {
        "link" : {
          "type" : "locator",
          "href" : "http://rest.db.ripe.net/ripe-grs/mntner/EASYNET-UK-MNT"
        },
        "name" : "mnt-by",
        "value" : "EASYNET-UK-MNT",
        "referenced-type" : "mntner"
      }, {
        "name" : "changed",
        "value" : "unread@ripe.net 20000101"
      }, {
        "name" : "source",
        "value" : "RIPE-GRS"
      }, {
        "name" : "remarks",
        "value" : "****************************"
      }, {
        "name" : "remarks",
        "value" : "* THIS OBJECT IS MODIFIED"
      }, {
        "name" : "remarks",
        "value" : "* Please note that all data that is generally regarded as personal"
      }, {
        "name" : "remarks",
        "value" : "* data has been removed from this object."
      }, {
        "name" : "remarks",
        "value" : "* To view the original object, please query the RIPE Database at:"
      }, {
        "name" : "remarks",
        "value" : "* http://www.ripe.net/whois"
      }, {
        "name" : "remarks",
        "value" : "****************************"
      } ]
    },
    "tags" : {
      "tag" : [ {
        "id" : "RIPE-USER-RESOURCE",
        "data" : null
      } ]
    }
  }, {
    "type" : "inetnum",
    "link" : {
      "type" : "locator",
      "href" : "http://rest.db.ripe.net/ripe-grs/inetnum/195.172.174.232 - 195.172.174.239"
    },
    "source" : {
      "id" : "ripe-grs"
    },
    "primary-key" : {
      "attribute" : [ {
        "name" : "inetnum",
        "value" : "195.172.174.232 - 195.172.174.239"
      } ]
    },
    "attributes" : {
      "attribute" : [ {
        "name" : "inetnum",
        "value" : "195.172.174.232 - 195.172.174.239"
      }, {
        "name" : "netname",
        "value" : "IP"
      }, {
        "name" : "descr",
        "value" : "IP Test Ltd"
      }, {
        "name" : "descr",
        "value" : "Office"
      }, {
        "name" : "descr",
        "value" : "Guildford, Surrey"
      }, {
        "name" : "country",
        "value" : "GB"
      }, {
        "link" : {
          "type" : "locator",
          "href" : "http://rest.db.ripe.net/ripe-grs/person/DUMY-RIPE"
        },
        "name" : "admin-c",
        "value" : "DUMY-RIPE",
        "referenced-type" : "person"
      }, {
        "link" : {
          "type" : "locator",
          "href" : "http://rest.db.ripe.net/ripe-grs/person/DUMY-RIPE"
        },
        "name" : "tech-c",
        "value" : "DUMY-RIPE",
        "referenced-type" : "person"
      }, {
        "name" : "status",
        "value" : "ASSIGNED PA"
      }, {
        "link" : {
          "type" : "locator",
          "href" : "http://rest.db.ripe.net/ripe-grs/mntner/EASYNET-UK-MNT"
        },
        "name" : "mnt-by",
        "value" : "EASYNET-UK-MNT",
        "referenced-type" : "mntner"
      }, {
        "name" : "changed",
        "value" : "unread@ripe.net 20000101"
      }, {
        "name" : "source",
        "value" : "RIPE-GRS"
      }, {
        "name" : "remarks",
        "value" : "****************************"
      }, {
        "name" : "remarks",
        "value" : "* THIS OBJECT IS MODIFIED"
      }, {
        "name" : "remarks",
        "value" : "* Please note that all data that is generally regarded as personal"
      }, {
        "name" : "remarks",
        "value" : "* data has been removed from this object."
      }, {
        "name" : "remarks",
        "value" : "* To view the original object, please query the RIPE Database at:"
      }, {
        "name" : "remarks",
        "value" : "* http://www.ripe.net/whois"
      }, {
        "name" : "remarks",
        "value" : "****************************"
      } ]
    },
    "tags" : {
      "tag" : [ {
        "id" : "RIPE-USER-RESOURCE",
        "data" : null
      } ]
    }
  }, {
    "type" : "inetnum",
    "link" : {
      "type" : "locator",
      "href" : "http://rest.db.ripe.net/ripe-grs/inetnum/213.186.167.200 - 213.186.167.207"
    },
    "source" : {
      "id" : "ripe-grs"
    },
    "primary-key" : {
      "attribute" : [ {
        "name" : "inetnum",
        "value" : "213.186.167.200 - 213.186.167.207"
      } ]
    },
    "attributes" : {
      "attribute" : [ {
        "name" : "inetnum",
        "value" : "213.186.167.200 - 213.186.167.207"
      }, {
        "name" : "netname",
        "value" : "IP"
      }, {
        "name" : "descr",
        "value" : "Iqbal Printing"
      }, {
        "name" : "descr",
        "value" : "L.L Customer for Orange"
      }, {
        "name" : "remarks",
        "value" : "for hacking, spamming or security problems send mail to"
      }, {
        "name" : "remarks",
        "value" : "=====abuse@go.com.jo====="
      }, {
        "name" : "country",
        "value" : "JO"
      }, {
        "link" : {
          "type" : "locator",
          "href" : "http://rest.db.ripe.net/ripe-grs/person/DUMY-RIPE"
        },
        "name" : "admin-c",
        "value" : "DUMY-RIPE",
        "referenced-type" : "person"
      }, {
        "link" : {
          "type" : "locator",
          "href" : "http://rest.db.ripe.net/ripe-grs/person/DUMY-RIPE"
        },
        "name" : "tech-c",
        "value" : "DUMY-RIPE",
        "referenced-type" : "person"
      }, {
        "name" : "status",
        "value" : "ASSIGNED PA"
      }, {
        "link" : {
          "type" : "locator",
          "href" : "http://rest.db.ripe.net/ripe-grs/mntner/GO-JOR"
        },
        "name" : "mnt-by",
        "value" : "GO-JOR",
        "referenced-type" : "mntner"
      }, {
        "name" : "changed",
        "value" : "unread@ripe.net 20000101"
      }, {
        "name" : "source",
        "value" : "RIPE-GRS"
      }, {
        "name" : "remarks",
        "value" : "****************************"
      }, {
        "name" : "remarks",
        "value" : "* THIS OBJECT IS MODIFIED"
      }, {
        "name" : "remarks",
        "value" : "* Please note that all data that is generally regarded as personal"
      }, {
        "name" : "remarks",
        "value" : "* data has been removed from this object."
      }, {
        "name" : "remarks",
        "value" : "* To view the original object, please query the RIPE Database at:"
      }, {
        "name" : "remarks",
        "value" : "* http://www.ripe.net/whois"
      }, {
        "name" : "remarks",
        "value" : "****************************"
      } ]
    },
    "tags" : {
      "tag" : [ {
        "id" : "RIPE-USER-RESOURCE",
        "data" : null
      } ]
    }
  } ]
},
"terms-and-conditions" : {
  "type" : "locator",
  "href" : "http://www.ripe.net/db/support/db-terms-conditions.pdf"
}
}