serail;brand;model;manufactured_year;engine
23210;Kia;Sorento;2007;LX 4dr SUV 4WD (3.8L 6cyl 5A)
23211;Kia;Sorento;2007;EX 4dr SUV 4WD (3.8L 6cyl 5A)
23212;Kia;Sorento;2007;EX 4dr SUV (3.8L 6cyl 5A)
23213;Kia;Sorento;2007;LX 4dr SUV (3.8L 6cyl 5A)
23214;Kia;Sorento;2007;4dr SUV (3.8L 6cyl 5A)
23215;Kia;Sorento;2003;LX Rwd 4dr SUV (3.5L 6cyl 4A)
23216;Kia;Sorento;2003;LX 4WD 4dr SUV (3.5L 6cyl 4A)
23217;Kia;Sorento;2003;EX Rwd 4dr SUV (3.5L 6cyl 4A)
23218;Kia;Sorento;2003;EX 4WD 4dr SUV (3.5L 6cyl 4A)
23219;Kia;Sorento;2004;LX Rwd 4dr SUV (3.5L 6cyl 4A)
23220;Kia;Sorento;2004;LX 4WD 4dr SUV (3.5L 6cyl 4A)
23221;Kia;Sorento;2004;EX 4WD 4dr SUV (3.5L 6cyl 4A)
23222;Kia;Sorento;2004;LX Rwd 4dr SUV (3.5L 6cyl 5M)
23223;Kia;Sorento;2004;EX Rwd 4dr SUV (3.5L 6cyl 4A)
23224;Kia;Sorento;2004;LX 4WD 4dr SUV (3.5L 6cyl 5M)
23225;Kia;Sorento;2008;LX 4dr SUV (3.3L 6cyl 5A)
23226;Kia;Sorento;2008;EX 4dr SUV (3.8L 6cyl 5A)
23227;Kia;Sorento;2008;LX 4dr SUV 4WD (3.3L 6cyl 5A)
23228;Kia;Sorento;2008;EX 4dr SUV 4WD (3.8L 6cyl 5A)
23229;Kia;Sorento;2008;4dr SUV (3.3L 6cyl 5A)
23230;Kia;Sorento;2009;LX 4dr SUV 4WD (3.3L 6cyl 5A)
23231;Kia;Sorento;2009;LX 4dr SUV (3.3L 6cyl 5A)
23232;Kia;Sorento;2009;4dr SUV (3.3L 6cyl 5A)
23233;Kia;Sorento;2009;EX 4dr SUV (3.8L 6cyl 5A)
23234;Kia;Sorento;2009;EX 4dr SUV 4WD (3.8L 6cyl 5A)
23235;Kia;Sorento;2005;LX Rwd 4dr SUV (3.5L 6cyl 5M)
23236;Kia;Sorento;2005;LX Rwd 4dr SUV (3.5L 6cyl 5A)
23237;Kia;Sorento;2005;LX 4WD 4dr SUV (3.5L 6cyl 5M)
23238;Kia;Sorento;2005;LX 4WD 4dr SUV (3.5L 6cyl 5A)
23239;Kia;Sorento;2005;EX Rwd 4dr SUV (3.5L 6cyl 5A)
23240;Kia;Sorento;2005;EX 4WD 4dr SUV (3.5L 6cyl 5A)
23241;Kia;Sorento;2012;LX 4dr SUV (2.4L 4cyl 6A)
23242;Kia;Sorento;2012;4dr SUV (2.4L 4cyl 6M)
23243;Kia;Sorento;2012;LX 4dr SUV w/Convenience Pkg (2.4L 4cyl 6A)
23244;Kia;Sorento;2012;EX 4dr SUV (3.5L 6cyl 6A)
23245;Kia;Sorento;2012;EX 4dr SUV AWD (2.4L 4cyl 6A)
23246;Kia;Sorento;2012;EX 4dr SUV (2.4L 4cyl 6A)
23247;Kia;Sorento;2012;LX 4dr SUV AWD (2.4L 4cyl 6A)
23248;Kia;Sorento;2012;SX 4dr SUV (3.5L 6cyl 6A)
23249;Kia;Sorento;2012;LX 4dr SUV AWD (3.5L 6cyl 6A)
23250;Kia;Sorento;2012;LX 4dr SUV (3.5L 6cyl 6A)
23251;Kia;Sorento;2012;EX 4dr SUV AWD (3.5L 6cyl 6A)
23252;Kia;Sorento;2012;SX 4dr SUV AWD (3.5L 6cyl 6A)
23253;Kia;Sorento;2006;LX 4dr SUV 4WD (3.5L 6cyl 5A)
23254;Kia;Sorento;2006;EX 4dr SUV (3.5L 6cyl 5A)
23255;Kia;Sorento;2006;EX 4dr SUV 4WD (3.5L 6cyl 5A)
23256;Kia;Sorento;2006;LX 4dr SUV 4WD (3.5L 6cyl 5M)
23257;Kia;Sorento;2006;LX 4dr SUV (3.5L 6cyl 5A)
23258;Kia;Sorento;2006;LX 4dr SUV (3.5L 6cyl 5M)
23259;Kia;Sorento;2011;LX 4dr SUV AWD (2.4L 4cyl 6A)
23260;Kia;Sorento;2011;LX 4dr SUV (2.4L 4cyl 6A)
23261;Kia;Sorento;2011;EX 4dr SUV AWD (2.4L 4cyl 6A)
23262;Kia;Sorento;2011;SX 4dr SUV (3.5L 6cyl 6A)
23263;Kia;Sorento;2011;EX 4dr SUV (2.4L 4cyl 6A)
23264;Kia;Sorento;2011;SX 4dr SUV AWD (3.5L 6cyl 6A)
23265;Kia;Sorento;2011;4dr SUV (2.4L 4cyl 6M)
23266;Kia;Sorento;2011;LX 4dr SUV (3.5L 6cyl 6A)
23267;Kia;Sorento;2011;LX 4dr SUV AWD (3.5L 6cyl 6A)
23268;Kia;Sorento;2011;EX 4dr SUV AWD (3.5L 6cyl 6A)
23269;Kia;Sorento;2011;EX 4dr SUV (3.5L 6cyl 6A)
23270;Kia;Sorento;2013;LX 4dr SUV AWD (3.5L 6cyl 6A)
23271;Kia;Sorento;2013;LX 4dr SUV (2.4L 4cyl 6A)
23272;Kia;Sorento;2013;EX 4dr SUV (2.4L 4cyl 6A)
23273;Kia;Sorento;2013;LX 4dr SUV w/Convenience Pkg (2.4L 4cyl 6A)
23274;Kia;Sorento;2013;LX 4dr SUV AWD (2.4L 4cyl 6A)
23275;Kia;Sorento;2013;LX 4dr SUV (3.5L 6cyl 6A)
23276;Kia;Sorento;2013;SX 4dr SUV (3.5L 6cyl 6A)
23277;Kia;Sorento;2013;EX 4dr SUV AWD (3.5L 6cyl 6A)
23278;Kia;Sorento;2013;EX 4dr SUV (3.5L 6cyl 6A)
23279;Kia;Sorento;2013;EX 4dr SUV AWD (2.4L 4cyl 6A)
23280;Kia;Sorento;2013;SX 4dr SUV AWD (3.5L 6cyl 6A)
23281;Kia;Soul;2010;! 4dr Wagon (2.0L 4cyl 5M)
23282;Kia;Soul;2010;! 4dr Wagon (2.0L 4cyl 4A)
23283;Kia;Soul;2010;Sport 4dr Wagon (2.0L 4cyl 5M)
23284;Kia;Soul;2010;Sport 4dr Wagon (2.0L 4cyl 4A)
23285;Kia;Soul;2010;4dr Wagon (1.6L 4cyl 5M)
23286;Kia;Soul;2010;+ 4dr Wagon (2.0L 4cyl 5M)
23287;Kia;Soul;2010;+ 4dr Wagon (2.0L 4cyl 4A)
23288;Kia;Soul;2011;4dr Wagon (1.6L 4cyl 5M)
23289;Kia;Soul;2011;! 4dr Wagon (2.0L 4cyl 4A)
23290;Kia;Soul;2011;Sport 4dr Wagon (2.0L 4cyl 4A)
23291;Kia;Soul;2011;+ 4dr Wagon (2.0L 4cyl 5M)
23292;Kia;Soul;2011;+ 4dr Wagon (2.0L 4cyl 4A)
23293;Kia;Soul;2012;+ 4dr Wagon (2.0L 4cyl 6M)
23294;Kia;Soul;2012;+ 4dr Wagon (2.0L 4cyl 6A)
23295;Kia;Soul;2012;4dr Wagon (1.6L 4cyl 6A)
23296;Kia;Soul;2012;! 4dr Wagon (2.0L 4cyl 6A)
23297;Kia;Soul;2012;4dr Wagon (1.6L 4cyl 6M)
23298;Kia;Borrego;2009;EX 4dr SUV 4WD (4.6L 8cyl 6A)
23299;Kia;Borrego;2009;EX 4dr SUV (4.6L 8cyl 6A)
23300;Kia;Borrego;2009;LX 4dr SUV 4WD (4.6L 8cyl 6A)
23301;Kia;Borrego;2009;Limited 4dr SUV 4WD (4.6L 8cyl 6A)
23302;Kia;Borrego;2009;EX 4dr SUV 4WD (3.8L 6cyl 5A)
23303;Kia;Borrego;2009;EX 4dr SUV (3.8L 6cyl 5A)
23304;Kia;Borrego;2009;LX 4dr SUV 4WD (3.8L 6cyl 5A)
23305;Kia;Borrego;2009;LX 4dr SUV (3.8L 6cyl 5A)
23306;Kia;Borrego;2009;Limited 4dr SUV (4.6L 8cyl 6A)
23307;Kia;Rondo;2007;EX 4dr Wagon (2.4L 4cyl 4A)
23308;Kia;Rondo;2007;EX 4dr Wagon (2.7L 6cyl 5A)
23309;Kia;Rondo;2007;LX 4dr Wagon w/Popular Equipment (2.4L 4cyl 4A)
23310;Kia;Rondo;2007;LX 4dr Wagon w/Popular Equipment (2.7L 6cyl 5A)
23311;Kia;Rondo;2007;LX 4dr Wagon (2.4L 4cyl 4A)
23312;Kia;Rondo;2008;LX 4dr Wagon  (2.7L 6cyl 5A)
23313;Kia;Rondo;2008;LX 4dr Wagon w/AC (2.4L 4cyl 4A)
23314;Kia;Rondo;2008;EX 4dr Wagon (2.4L 4cyl 4A)
23315;Kia;Rondo;2008;EX 4dr Wagon (2.7L 6cyl 5A)
23316;Kia;Rondo;2008;LX 4dr Wagon (2.4L 4cyl 4A)
23317;Kia;Rondo;2009;EX 4dr Wagon (2.4L 4cyl 4A)
23318;Kia;Rondo;2009;EX 4dr Wagon (2.7L 6cyl 5A)
23319;Kia;Rondo;2009;LX Base 4dr Wagon (2.4L 4cyl 4A)
23320;Kia;Rondo;2009;LX 4dr Wagon (2.4L 4cyl 4A)
23321;Kia;Rondo;2009;LX 4dr Wagon  (2.7L 6cyl 5A)
23322;Kia;Amanti;2006;4dr Sedan (3.5L 6cyl 5A)
23323;Kia;Amanti;2005;4dr Sedan (3.5L 6cyl 5A)
23324;Kia;Amanti;2009;4dr Sedan (3.8L 6cyl 5A)
23325;Kia;Amanti;2008;4dr Sedan (3.8L 6cyl 5A)
23326;Kia;Amanti;2007;4dr Sedan (3.8L 6cyl 5A)
23327;Kia;Amanti;2004;4dr Sedan (3.5L 6cyl 5A)
23328;Kia;Cadenza;2013;4dr Sedan (3.5L 6cyl 6A)
23329;Kia;Rio;2007;SX 4dr Sedan (1.6L 4cyl 5M)
23330;Kia;Rio;2007;4dr Sedan (1.6L 4cyl 5M)
23331;Kia;Rio;2007;Rio5 SX 4dr Wagon (1.6L 4cyl 4A)
23332;Kia;Rio;2007;LX 4dr Sedan (1.6L 4cyl 4A)
23333;Kia;Rio;2007;SX 4dr Sedan (1.6L 4cyl 4A)
23334;Kia;Rio;2007;LX 4dr Sedan (1.6L 4cyl 5M)
23335;Kia;Rio;2007;Rio5 SX 4dr Wagon (1.6L 4cyl 5M)
23336;Kia;Rio;2002;4dr Sedan (1.5L 4cyl 4A)
23337;Kia;Rio;2002;Cinco 4dr Wagon (1.5L 4cyl 4A)
23338;Kia;Rio;2002;4dr Sedan (1.5L 4cyl 5M)
23339;Kia;Rio;2002;Cinco 4dr Wagon (1.5L 4cyl 5M)
23340;Kia;Rio;2003;Cinco 4dr Wagon (1.6L 4cyl 5M)
23341;Kia;Rio;2003;4dr Sedan (1.6L 4cyl 5M)
23342;Kia;Rio;2003;Cinco 4dr Wagon (1.6L 4cyl 4A)
23343;Kia;Rio;2003;4dr Sedan (1.6L 4cyl 4A)
23344;Kia;Rio;2005;4dr Sedan (1.6L 4cyl 4A)
23345;Kia;Rio;2005;4dr Sedan (1.6L 4cyl 5M)
23346;Kia;Rio;2005;Cinco 4dr Wagon (1.6L 4cyl 4A)
23347;Kia;Rio;2005;Cinco 4dr Wagon (1.6L 4cyl 5M)
23348;Kia;Rio;2008;LX 4dr Sedan (1.6L 4cyl 5M)
23349;Kia;Rio;2008;LX 4dr Sedan (1.6L 4cyl 4A)
23350;Kia;Rio;2008;Rio5 SX 4dr Wagon (1.6L 4cyl 5M)
23351;Kia;Rio;2008;4dr Sedan (1.6L 4cyl 5M)
23352;Kia;Rio;2008;Rio5 LX 4dr Wagon (1.6L 4cyl 5M)
23353;Kia;Rio;2008;Rio5 LX 4dr Wagon (1.6L 4cyl 4A)
23354;Kia;Rio;2008;SX 4dr Sedan (1.6L 4cyl 5M)
23355;Kia;Rio;2008;SX 4dr Sedan (1.6L 4cyl 4A)
23356;Kia;Rio;2008;Rio5 SX 4dr Wagon (1.6L 4cyl 4A)
23357;Kia;Rio;2012;EX 4dr Hatchback (1.6L 4cyl 6A)
23358;Kia;Rio;2012;LX 4dr Sedan (1.6L 4cyl 6A)
23359;Kia;Rio;2012;LX 4dr Sedan (1.6L 4cyl 6M)
23360;Kia;Rio;2012;SX 4dr Sedan (1.6L 4cyl 6A)
23361;Kia;Rio;2012;SX 4dr Hatchback (1.6L 4cyl 6A)
23362;Kia;Rio;2012;EX 4dr Sedan (1.6L 4cyl 6A)
23363;Kia;Rio;2012;LX 4dr Hatchback (1.6L 4cyl 6A)
23364;Kia;Rio;2012;LX 4dr Hatchback (1.6L 4cyl 6M)
23365;Kia;Rio;2001;4dr Sedan (1.5L 4cyl 4A)
23366;Kia;Rio;2001;4dr Sedan (1.5L 4cyl 5M)
23367;Kia;Rio;2013;SX 4dr Hatchback (1.6L 4cyl 6A)
23368;Kia;Rio;2013;SX 4dr Sedan (1.6L 4cyl 6A)
23369;Kia;Rio;2013;LX 4dr Hatchback (1.6L 4cyl 6M)
23370;Kia;Rio;2013;LX 4dr Hatchback (1.6L 4cyl 6A)
23371;Kia;Rio;2013;LX 4dr Sedan (1.6L 4cyl 6M)
23372;Kia;Rio;2013;LX 4dr Sedan (1.6L 4cyl 6A)
23373;Kia;Rio;2013;EX 4dr Sedan (1.6L 4cyl 6A)
23374;Kia;Rio;2013;EX 4dr Hatchback (1.6L 4cyl 6A)
23375;Kia;Rio;2009;LX 4dr Sedan (1.6L 4cyl 5M)
23376;Kia;Rio;2009;4dr Sedan (1.6L 4cyl 5M)
23377;Kia;Rio;2009;SX 4dr Sedan (1.6L 4cyl 5M)
23378;Kia;Rio;2009;LX 4dr Sedan (1.6L 4cyl 4A)
23379;Kia;Rio;2009;Rio5 LX 4dr Wagon (1.6L 4cyl 5M)
23380;Kia;Rio;2009;SX 4dr Sedan (1.6L 4cyl 4A)
23381;Kia;Rio;2009;Rio5 SX 4dr Wagon (1.6L 4cyl 5M)
23382;Kia;Rio;2009;Rio5 LX 4dr Wagon (1.6L 4cyl 4A)
23383;Kia;Rio;2009;Rio5 SX 4dr Wagon (1.6L 4cyl 4A)
23384;Kia;Rio;2011;Rio5 SX 4dr Hatchback (1.6L 4cyl 4A)
23385;Kia;Rio;2011;Rio5 LX 4dr Hatchback (1.6L 4cyl 4A)
23386;Kia;Rio;2011;LX 4dr Sedan (1.6L 4cyl 4A)
23387;Kia;Rio;2011;SX 4dr Sedan (1.6L 4cyl 4A)
23388;Kia;Rio;2011;4dr Sedan (1.6L 4cyl 5M)
23389;Kia;Rio;2006;LX 4dr Sedan (1.6L 4cyl 5M)
23390;Kia;Rio;2006;LX 4dr Sedan (1.6L 4cyl 4A)
23391;Kia;Rio;2006;4dr Sedan (1.6L 4cyl 5M)
23392;Kia;Rio;2006;5 SX 4dr Wagon (1.6L 4cyl 5M) 
23393;Kia;Rio;2006;5 SX 4dr Wagon (1.6L 4cyl 4A)
23394;Kia;Rio;2004;4dr Sedan (1.6L 4cyl 5M)
23395;Kia;Rio;2004;4dr Sedan (1.6L 4cyl 4A)
23396;Kia;Rio;2004;Cinco 4dr Wagon (1.6L 4cyl 4A)
23397;Kia;Rio;2004;Cinco 4dr Wagon (1.6L 4cyl 5M)
23398;Kia;Rio;2010;LX 4dr Sedan (1.6L 4cyl 4A)
23399;Kia;Rio;2010;LX 4dr Sedan (1.6L 4cyl 5M)
23400;Kia;Rio;2010;SX 4dr Sedan (1.6L 4cyl 4A)
23401;Kia;Rio;2010;SX 4dr Sedan (1.6L 4cyl 5M)
23402;Kia;Rio;2010;4dr Sedan (1.6L 4cyl 5M)
23403;Kia;Rio;2010;Rio5 LX 4dr Wagon (1.6L 4cyl 4A)
23404;Kia;Rio;2010;Rio5 LX 4dr Wagon (1.6L 4cyl 5M)
23405;Kia;Rio;2010;Rio5 SX 4dr Wagon (1.6L 4cyl 4A)
23406;Kia;Rio;2010;Rio5 SX 4dr Wagon (1.6L 4cyl 5M)
23407;Kia;Sportage;1999;EX 4dr SUV 4WD
23408;Kia;Sportage;1999;4dr SUV 4WD
23409;Kia;Sportage;1999;EX 4dr SUV
23410;Kia;Sportage;1999;2dr SUV 4WD
23411;Kia;Sportage;1999;4dr SUV
23412;Kia;Sportage;1999;2dr SUV
23413;Kia;Sportage;2002;4WD 4dr SUV (2.0L 4cyl 5M)
23414;Kia;Sportage;2002;4WD 4dr SUV (2.0L 4cyl 4A)
23415;Kia;Sportage;2002;4WD 2dr Convertible SUV (2.0L 4cyl 5M)
23416;Kia;Sportage;2002;2WD 4dr SUV (2.0L 4cyl 5M)
23417;Kia;Sportage;2002;2WD 4dr SUV (2.0L 4cyl 4A)
23418;Kia;Sportage;2002;2WD 2dr Convertible SUV (2.0L 4cyl 4A)
23419;Kia;Sportage;2001;EX 4WD 4dr SUV (2.0L 4cyl 5M)
23420;Kia;Sportage;2001;EX 4WD 4dr SUV (2.0L 4cyl 4A)
23421;Kia;Sportage;2001;2WD 4dr SUV (2.0L 4cyl 5M)
23422;Kia;Sportage;2001;2WD 4dr SUV (2.0L 4cyl 4A)
23423;Kia;Sportage;2001;4WD 2dr Convertible SUV (2.0L 4cyl 5M)
23424;Kia;Sportage;2001;2WD 2dr Convertible SUV (2.0L 4cyl 4A)
23425;Kia;Sportage;2001;EX 2WD 4dr SUV (2.0L 4cyl 5M)
23426;Kia;Sportage;2001;EX 2WD 4dr SUV (2.0L 4cyl 4A)
23427;Kia;Sportage;2001;4WD 4dr SUV (2.0L 4cyl 5M)
23428;Kia;Sportage;2001;4WD 4dr SUV (2.0L 4cyl 4A)
23429;Kia;Sportage;2009;LX 4dr SUV 4WD (2.0L 4cyl 5M)
23430;Kia;Sportage;2009;EX 4dr SUV (2.7L 6cyl 4A)
23431;Kia;Sportage;2009;EX 4dr SUV 4WD (2.7L 6cyl 4A)
23432;Kia;Sportage;2009;LX 4dr SUV 4WD (2.7L 6cyl 4A)
23433;Kia;Sportage;2009;LX 4dr SUV (2.0L 4cyl 5M)
23434;Kia;Sportage;2009;LX 4dr SUV (2.7L 6cyl 4A)
23435;Kia;Sportage;2009;LX 4dr SUV (2.0L 4cyl 4A)
23436;Kia;Sportage;2008;LX 4dr SUV (2.0L 4cyl 4A)
23437;Kia;Sportage;2008;LX 4dr SUV (2.7L 6cyl 4A)
23438;Kia;Sportage;2008;EX 4dr SUV (2.7L 6cyl 4A)
23439;Kia;Sportage;2008;LX 4dr SUV 4WD (2.0L 4cyl 5M)
23440;Kia;Sportage;2008;LX 4dr SUV 4WD (2.7L 6cyl 4A)
23441;Kia;Sportage;2008;EX 4dr SUV 4WD (2.7L 6cyl 4A)
23442;Kia;Sportage;2008;LX 4dr SUV (2.0L 4cyl 5M)
23443;Kia;Sportage;1995;4dr SUV 4WD
23444;Kia;Sportage;1995;EX 4dr SUV 4WD
23445;Kia;Sportage;1995;4dr SUV
23446;Kia;Sportage;1996;EX 4dr SUV
23447;Kia;Sportage;1996;EX 4dr SUV 4WD
23448;Kia;Sportage;1996;4dr SUV
23449;Kia;Sportage;1996;4dr SUV 4WD
23450;Kia;Sportage;2012;LX 4dr SUV AWD (2.4L 4cyl 6A)
23451;Kia;Sportage;2012;EX 4dr SUV (2.4L 4cyl 6A)
23452;Kia;Sportage;2012;EX 4dr SUV AWD (2.4L 4cyl 6A)
23453;Kia;Sportage;2012;SX 4dr SUV (2.0L 4cyl Turbo 6A)
23454;Kia;Sportage;2012;SX 4dr SUV AWD (2.0L 4cyl Turbo 6A)
23455;Kia;Sportage;2012;4dr SUV (2.4L 4cyl 6M)
23456;Kia;Sportage;2012;LX 4dr SUV (2.4L 4cyl 6A)
23457;Kia;Sportage;2011;LX 4dr SUV AWD (2.4L 4cyl 6A)
23458;Kia;Sportage;2011;EX 4dr SUV (2.4L 4cyl 6A)
23459;Kia;Sportage;2011;SX 4dr SUV (2.0L 4cyl Turbo 6A)
23460;Kia;Sportage;2011;SX 4dr SUV AWD (2.0L 4cyl Turbo 6A)
23461;Kia;Sportage;2011;EX 4dr SUV AWD (2.4L 4cyl 6A)
23462;Kia;Sportage;2011;4dr SUV (2.4L 4cyl 6M)
23463;Kia;Sportage;2011;LX 4dr SUV (2.4L 4cyl 6A)
23464;Kia;Sportage;2000;EX 4dr SUV 4WD
23465;Kia;Sportage;2000;EX 4dr SUV
23466;Kia;Sportage;2000;2dr SUV 4WD
23467;Kia;Sportage;2000;2dr SUV
23468;Kia;Sportage;2000;4dr SUV 4WD
23469;Kia;Sportage;2000;4dr SUV
23470;Kia;Sportage;1997;4dr SUV
23471;Kia;Sportage;1997;EX 4dr SUV
23472;Kia;Sportage;1997;EX 4dr SUV 4WD
23473;Kia;Sportage;1997;4dr SUV 4WD
23474;Kia;Sportage;1998;EX 4dr SUV
23475;Kia;Sportage;1998;EX 4dr SUV 4WD
23476;Kia;Sportage;1998;4dr SUV 4WD
23477;Kia;Sportage;1998;4dr SUV
23478;Kia;Sportage;2006;EX 4dr SUV 4WD (2.7L 6cyl 4A)
23479;Kia;Sportage;2006;LX 4dr SUV (2.0L 4cyl 5M)
23480;Kia;Sportage;2006;LX 4dr SUV 4WD (2.7L 6cyl 4A)
23481;Kia;Sportage;2006;LX 4dr SUV (2.0L 4cyl 4A)
23482;Kia;Sportage;2006;LX 4dr SUV 4WD (2.0L 4cyl 5M)
23483;Kia;Sportage;2006;LX 4dr SUV (2.7L 6cyl 4A)
23484;Kia;Sportage;2006;EX 4dr SUV (2.7L 6cyl 4A)
23485;Kia;Sportage;2005;LX Fwd 4dr SUV (2.0L 4cyl 4A)
23486;Kia;Sportage;2005;LX AWD 4dr SUV (2.0L 4cyl 5M)
23487;Kia;Sportage;2005;LX AWD 4dr SUV (2.7L 6cyl 4A)
23488;Kia;Sportage;2005;EX AWD 4dr SUV (2.7L 6cyl 4A)
23489;Kia;Sportage;2005;EX Fwd 4dr SUV (2.7L 6cyl 4A)
23490;Kia;Sportage;2005;LX Fwd 4dr SUV (2.7L 6cyl 4A)
23491;Kia;Sportage;2005;LX Fwd 4dr SUV (2.0L 4cyl 5M)
23492;Kia;Sportage;2007;LX 4dr SUV (2.7L 6cyl 4A)
23493;Kia;Sportage;2007;LX 4dr SUV (2.0L 4cyl 4A)
23494;Kia;Sportage;2007;LX 4dr SUV (2.0L 4cyl 5M)
23495;Kia;Sportage;2007;EX 4dr SUV 4WD (2.7L 6cyl 4A)
23496;Kia;Sportage;2007;LX 4dr SUV 4WD (2.7L 6cyl 4A)
23497;Kia;Sportage;2007;LX 4dr SUV 4WD (2.0L 4cyl 5M)
23498;Kia;Sportage;2007;EX 4dr SUV (2.7L 6cyl 4A)
23499;Kia;Sportage;2010;LX 4dr SUV 4WD (2.7L 6cyl 4A)
23500;Kia;Sportage;2010;LX 4dr SUV (2.0L 4cyl 4A)
23501;Kia;Sportage;2010;LX 4dr SUV (2.0L 4cyl 5M)
23502;Kia;Sportage;2010;EX 4dr SUV 4WD (2.7L 6cyl 4A)
23503;Kia;Sportage;2010;EX 4dr SUV (2.7L 6cyl 4A)
23504;Kia;Sportage;2010;LX 4dr SUV (2.7L 6cyl 4A)
23505;Kia;Sportage;2010;LX 4dr SUV 4WD (2.0L 4cyl 5M)
23506;Kia;Optima;2001;LX V6 4dr Sedan (2.5L 6cyl 4A)
23507;Kia;Optima;2001;SE 4dr Sedan (2.4L 4cyl 4A)
23508;Kia;Optima;2001;LX 4dr Sedan (2.4L 4cyl 4A)
23509;Kia;Optima;2001;LX 4dr Sedan (2.4L 4cyl 5M)
23510;Kia;Optima;2001;SE 4dr Sedan (2.4L 4cyl 5M)
23511;Kia;Optima;2001;SE V6 4dr Sedan (2.5L 6cyl 4A)
23512;Kia;Optima;2006;LX 4dr Sedan (2.4L 4cyl 5M)
23513;Kia;Optima;2006;New EX 4dr Sedan (2.7L 6cyl 5A)
23514;Kia;Optima;2006;LX 4dr Sedan (2.4L 4cyl 4A)
23515;Kia;Optima;2006;New LX 4dr Sedan (2.7L 6cyl 5A)
23516;Kia;Optima;2006;New EX 4dr Sedan (2.4L 4cyl 5A)
23517;Kia;Optima;2006;New LX 4dr Sedan (2.4L 4cyl 5M)
23518;Kia;Optima;2006;New LX 4dr Sedan (2.4L 4cyl 5A)
23519;Kia;Optima;2006;EX V6 4dr Sedan (2.7L 6cyl 4A)
23520;Kia;Optima;2006;EX 4dr Sedan (2.4L 4cyl 4A)
23521;Kia;Optima;2006;LX V6 4dr Sedan (2.7L 6cyl 4A)
23522;Kia;Optima;2007;LX 4dr Sedan (2.4L 4cyl 5M)
23523;Kia;Optima;2007;LX 4dr Sedan (2.7L 6cyl 5A)
23524;Kia;Optima;2007;LX 4dr Sedan (2.4L 4cyl 5A)
23525;Kia;Optima;2007;EX 4dr Sedan (2.7L 6cyl 5A)
23526;Kia;Optima;2007;EX 4dr Sedan (2.4L 4cyl 5A)
23527;Kia;Optima;2011;Hybrid 4dr Sedan (2.4L 4cyl gas/electric hybrid 6A)
23528;Kia;Optima;2011;SX 4dr Sedan (2.0L 4cyl Turbo 6A)
23529;Kia;Optima;2011;EX 4dr Sedan (2.4L 4cyl 6A)
23530;Kia;Optima;2011;LX 4dr Sedan (2.4L 4cyl 6M)
23531;Kia;Optima;2011;EX Turbo 4dr Sedan (2.0L 4cyl Turbo 6A)
23532;Kia;Optima;2011;LX 4dr Sedan (2.4L 4cyl 6A)
23533;Kia;Optima;2003;LX V6 4dr Sedan (2.7L 6cyl 4A)
23534;Kia;Optima;2003;LX 4dr Sedan (2.4L 4cyl 5M)
23535;Kia;Optima;2003;SE V6 4dr Sedan (2.7L 6cyl 4A)
23536;Kia;Optima;2003;SE 4dr Sedan (2.4L 4cyl 4A)
23537;Kia;Optima;2002;LX V6 4dr Sedan (2.7L 6cyl 4A)
23538;Kia;Optima;2002;LX 4dr Sedan (2.4L 4cyl 5M)
23539;Kia;Optima;2002;LX 4dr Sedan (2.4L 4cyl 4A)
23540;Kia;Optima;2002;SE V6 4dr Sedan (2.7L 6cyl 4A)
23541;Kia;Optima;2002;SE 4dr Sedan (2.4L 4cyl 5M)
23542;Kia;Optima;2002;SE 4dr Sedan (2.4L 4cyl 4A)
23543;Kia;Optima;2005;LX 4dr Sedan (2.4L 4cyl 5M)
23544;Kia;Optima;2005;LX V6 4dr Sedan (2.7L 6cyl 4A)
23545;Kia;Optima;2005;LX 4dr Sedan (2.4L 4cyl 4A)
23546;Kia;Optima;2005;EX V6 4dr Sedan (2.7L 6cyl 4A)
23547;Kia;Optima;2005;EX 4dr Sedan (2.4L 4cyl 4A)
23548;Kia;Optima;2009;LX 4dr Sedan (2.4L 4cyl 5M)
23549;Kia;Optima;2009;LX 4dr Sedan (2.4L 4cyl 5A)
23550;Kia;Optima;2009;SX 4dr Sedan (2.4L 4cyl 5A)
23551;Kia;Optima;2009;EX 4dr Sedan (2.4L 4cyl 5A)
23552;Kia;Optima;2009;SX 4dr Sedan (2.7L 6cyl 5A)
23553;Kia;Optima;2009;EX 4dr Sedan (2.7L 6cyl 5A)
23554;Kia;Optima;2008;LX 4dr Sedan (2.4L 4cyl 5M)
23555;Kia;Optima;2008;LX 4dr Sedan (2.4L 4cyl 5A)
23556;Kia;Optima;2008;LX 4dr Sedan (2.7L 6cyl 5A)
23557;Kia;Optima;2008;EX 4dr Sedan (2.7L 6cyl 5A)
23558;Kia;Optima;2008;EX 4dr Sedan (2.4L 4cyl 5A)
23559;Kia;Optima;2010;LX 4dr Sedan (2.4L 4cyl 5M)
23560;Kia;Optima;2010;LX 4dr Sedan (2.4L 4cyl 5A)
23561;Kia;Optima;2010;EX 4dr Sedan (2.7L 6cyl 5A)
23562;Kia;Optima;2010;EX 4dr Sedan (2.4L 4cyl 5A)
23563;Kia;Optima;2010;SX 4dr Sedan (2.4L 4cyl 5A)
23564;Kia;Optima;2010;SX 4dr Sedan (2.7L 6cyl 5A)
23565;Kia;Optima;2004;LX V6 4dr Sedan (2.7L 6cyl 4A)
23566;Kia;Optima;2004;EX 4dr Sedan (2.4L 4cyl 4A)
23567;Kia;Optima;2004;EX V6 4dr Sedan (2.7L 6cyl 4A)
23568;Kia;Optima;2004;LX 4dr Sedan (2.4L 4cyl 5M)
23569;Kia;Optima;2004;LX 4dr Sedan (2.4L 4cyl 4A)
23570;Kia;Optima;2012;Hybrid 4dr Sedan (2.4L 4cyl gas/electric hybrid 6A)
23571;Kia;Optima;2012;EX 4dr Sedan (2.4L 4cyl 6A)
23572;Kia;Optima;2012;EX Turbo 4dr Sedan (2.0L 4cyl Turbo 6A)
23573;Kia;Optima;2012;LX 4dr Sedan (2.4L 4cyl 6M)
23574;Kia;Optima;2012;LX 4dr Sedan (2.4L 4cyl 6A)
23575;Kia;Optima;2012;SX 4dr Sedan (2.0L 4cyl Turbo 6A)
23576;Kia;Spectra;2006;SX 4dr Sedan (2.0L 4cyl 5M)
23577;Kia;Spectra;2006;SX 4dr Sedan (2.0L 4cyl 4A)
23578;Kia;Spectra;2006;Spectra5 4dr Wagon (2.0L 4cyl 5M)
23579;Kia;Spectra;2006;Spectra5 4dr Wagon (2.0L 4cyl 4A)
23580;Kia;Spectra;2006;EX 4dr Sedan (2.0L 4cyl 5M)
23581;Kia;Spectra;2006;EX 4dr Sedan (2.0L 4cyl 4A)
23582;Kia;Spectra;2006;LX 4dr Sedan (2.0L 4cyl 5M)
23583;Kia;Spectra;2005;Spectra5 4dr Wagon (2.0L 4cyl 4A)
23584;Kia;Spectra;2005;Spectra5 4dr Wagon (2.0L 4cyl 5M)
23585;Kia;Spectra;2005;SX 4dr Sedan (2.0L 4cyl 4A)
23586;Kia;Spectra;2005;SX 4dr Sedan (2.0L 4cyl 5M)
23587;Kia;Spectra;2005;EX 4dr Sedan (2.0L 4cyl 4A)
23588;Kia;Spectra;2005;EX 4dr Sedan (2.0L 4cyl 5M)
23589;Kia;Spectra;2005;LX 4dr Sedan (2.0L 4cyl 4A)
23590;Kia;Spectra;2005;LX 4dr Sedan (2.0L 4cyl 5M)
23591;Kia;Spectra;2009;SX 4dr Sedan (2.0L 4cyl 4A)
23592;Kia;Spectra;2009;Spectra5 SX 4dr Wagon (2.0L 4cyl 5M)
23593;Kia;Spectra;2009;EX 4dr Sedan (2.0L 4cyl 4A)
23594;Kia;Spectra;2009;SX 4dr Sedan (2.0L 4cyl 5M)
23595;Kia;Spectra;2009;Spectra5 SX 4dr Wagon (2.0L 4cyl 4A)
23596;Kia;Spectra;2009;LX 4dr Sedan (2.0L 4cyl 4A)
23597;Kia;Spectra;2009;EX 4dr Sedan (2.0L 4cyl 5M)
23598;Kia;Spectra;2009;LX 4dr Sedan (2.0L 4cyl 5M)
23599;Kia;Spectra;2001;GSX 4dr Hatchback (1.8L 4cyl 4A)
23600;Kia;Spectra;2001;GSX 4dr Hatchback (1.8L 4cyl 5M)
23601;Kia;Spectra;2001;GS 4dr Hatchback (1.8L 4cyl 4A)
23602;Kia;Spectra;2001;GS 4dr Hatchback (1.8L 4cyl 5M)
23603;Kia;Spectra;2002;GSX 4dr Hatchback (1.8L 4cyl 4A)
23604;Kia;Spectra;2002;GS 4dr Hatchback (1.8L 4cyl 5M)
23605;Kia;Spectra;2002;GS 4dr Hatchback (1.8L 4cyl 4A)
23606;Kia;Spectra;2002;LS 4dr Sedan (1.8L 4cyl 5M)
23607;Kia;Spectra;2002;4dr Sedan (1.8L 4cyl 5M)
23608;Kia;Spectra;2002;LS 4dr Sedan (1.8L 4cyl 4A)
23609;Kia;Spectra;2002;GSX 4dr Hatchback (1.8L 4cyl 5M)
23610;Kia;Spectra;2002;4dr Sedan (1.8L 4cyl 4A)
23611;Kia;Spectra;2004;4dr Sedan (1.8L 4cyl 4A)
23612;Kia;Spectra;2004;GSX 4dr Hatchback (1.8L 4cyl 4A)
23613;Kia;Spectra;2004;EX 4dr Sedan (2.0L 4cyl 5M)
23614;Kia;Spectra;2004;LS 4dr Sedan (1.8L 4cyl 4A)
23615;Kia;Spectra;2004;GS 4dr Hatchback (1.8L 4cyl 4A)
23616;Kia;Spectra;2004;LX 4dr Sedan (2.0L 4cyl 4A)
23617;Kia;Spectra;2004;EX 4dr Sedan (2.0L 4cyl 4A)
23618;Kia;Spectra;2004;LX 4dr Sedan (2.0L 4cyl 5M)
23619;Kia;Spectra;2004;GS 4dr Hatchback (1.8L 4cyl 5M)
23620;Kia;Spectra;2004;GSX 4dr Hatchback (1.8L 4cyl 5M)
23621;Kia;Spectra;2004;4dr Sedan (1.8L 4cyl 5M)
23622;Kia;Spectra;2004;LS 4dr Sedan (1.8L 4cyl 5M)
23623;Kia;Spectra;2007;EX 4dr Sedan (2.0L 4cyl 4A)
23624;Kia;Spectra;2007;EX 4dr Sedan (2.0L 4cyl 5M)
23625;Kia;Spectra;2007;SX 4dr Sedan (2.0L 4cyl 4A)
23626;Kia;Spectra;2007;SX 4dr Sedan (2.0L 4cyl 5M)
23627;Kia;Spectra;2007;LX 4dr Sedan (2.0L 4cyl 5M)
23628;Kia;Spectra;2007;Spectra5 SX 4dr Wagon (2.0L 4cyl 4A)
23629;Kia;Spectra;2007;Spectra5 SX 4dr Wagon (2.0L 4cyl 5M)
23630;Kia;Spectra;2008;LX 4dr Sedan (2.0L 4cyl 5M)
23631;Kia;Spectra;2008;LX 4dr Sedan (2.0L 4cyl 4A)
23632;Kia;Spectra;2008;EX 4dr Sedan (2.0L 4cyl 5M)
23633;Kia;Spectra;2008;EX 4dr Sedan (2.0L 4cyl 4A)
23634;Kia;Spectra;2008;SX 4dr Sedan (2.0L 4cyl 5M)
23635;Kia;Spectra;2008;SX 4dr Sedan (2.0L 4cyl 4A)
23636;Kia;Spectra;2008;Spectra5 SX 4dr Wagon (2.0L 4cyl 5M)
23637;Kia;Spectra;2008;Spectra5 SX 4dr Wagon (2.0L 4cyl 4A)
23638;Kia;Spectra;2003;LS 4dr Sedan (1.8L 4cyl 4A)
23639;Kia;Spectra;2003;LS 4dr Sedan (1.8L 4cyl 5M)
23640;Kia;Spectra;2003;4dr Sedan (1.8L 4cyl 4A)
23641;Kia;Spectra;2003;4dr Sedan (1.8L 4cyl 5M)
23642;Kia;Spectra;2003;GSX 4dr Hatchback (1.8L 4cyl 4A)
23643;Kia;Spectra;2003;GSX 4dr Hatchback (1.8L 4cyl 5M)
23644;Kia;Spectra;2003;GS 4dr Hatchback (1.8L 4cyl 4A)
23645;Kia;Spectra;2003;GS 4dr Hatchback (1.8L 4cyl 5M)
23646;Kia;Spectra;2000;GSX 4dr Sedan
23647;Kia;Spectra;2000;GS 4dr Sedan
23648;Kia;Forte;2011;EX 4dr Hatchback (2.0L 4cyl 6M)
23649;Kia;Forte;2011;Koup EX 2dr Coupe (2.0L 4cyl 6A)
23650;Kia;Forte;2011;LX 4dr Sedan (2.0L 4cyl 6M)
23651;Kia;Forte;2011;LX 4dr Sedan (2.0L 4cyl 6A)
23652;Kia;Forte;2011;Koup SX 2dr Coupe (2.4L 4cyl 6M)
23653;Kia;Forte;2011;Koup SX 2dr Coupe (2.4L 4cyl 6A)
23654;Kia;Forte;2011;EX 4dr Hatchback (2.0L 4cyl 6A)
23655;Kia;Forte;2011;SX 4dr Hatchback (2.4L 4cyl 6M)
23656;Kia;Forte;2011;EX 4dr Sedan (2.0L 4cyl 6A)
23657;Kia;Forte;2011;SX 4dr Hatchback (2.4L 4cyl 6A)
23658;Kia;Forte;2011;SX 4dr Sedan (2.4L 4cyl 6A)
23659;Kia;Forte;2011;Koup EX 2dr Coupe (2.0L 4cyl 6M)
23660;Kia;Forte;2010;Koup SX 2dr Coupe (2.4L 4cyl 5A)
23661;Kia;Forte;2010;Koup SX 2dr Coupe (2.4L 4cyl 6M)
23662;Kia;Forte;2010;Koup EX 2dr Coupe (2.0L 4cyl 4A)
23663;Kia;Forte;2010;LX 4dr Sedan (2.0L 4cyl 5M)
23664;Kia;Forte;2010;Koup EX 2dr Coupe (2.0L 4cyl 5M)
23665;Kia;Forte;2010;LX 4dr Sedan (2.0L 4cyl 4A)
23666;Kia;Forte;2010;EX 4dr Sedan (2.0L 4cyl 4A)
23667;Kia;Forte;2010;EX 4dr Sedan (2.0L 4cyl 5M)
23668;Kia;Forte;2010;SX 4dr Sedan (2.4L 4cyl 5A)
23669;Kia;Forte;2010;SX 4dr Sedan (2.4L 4cyl 6M)
23670;Kia;Forte;2012;EX 4dr Sedan (2.0L 4cyl 6A)
23671;Kia;Forte;2012;LX 4dr Sedan (2.0L 4cyl 6A)
23672;Kia;Forte;2012;LX 4dr Sedan (2.0L 4cyl 6M)
23673;Kia;Forte;2012;SX 4dr Sedan (2.4L 4cyl 6A)
23674;Kia;Forte;2012;EX 4dr Hatchback (2.0L 4cyl 6A)
23675;Kia;Forte;2012;SX 4dr Hatchback (2.4L 4cyl 6A)
23676;Kia;Forte;2012;Koup EX 2dr Coupe (2.0L 4cyl 6M)
23677;Kia;Forte;2012;Koup EX 2dr Coupe (2.0L 4cyl 6A)
23678;Kia;Forte;2012;Koup SX 2dr Coupe (2.4L 4cyl 6M)
23679;Kia;Forte;2012;Koup SX 2dr Coupe (2.4L 4cyl 6A)
23680;Kia;Forte;2013;LX 4dr Sedan (2.0L 4cyl 6M)
23681;Kia;Sedona;2007;4dr Minivan (3.8L 6cyl 5A)
23682;Kia;Sedona;2007;EX 4dr Ext Minivan (3.8L 6cyl 5A)
23683;Kia;Sedona;2007;LX 4dr Ext Minivan (3.8L 6cyl 5A)
23684;Kia;Sedona;2011;LX 4dr Minivan (3.5L 6cyl 6A)
23685;Kia;Sedona;2011;EX 4dr Minivan (3.5L 6cyl 6A)
23686;Kia;Sedona;2008;4dr Minivan (3.8L 6cyl 5A)
23687;Kia;Sedona;2008;LX 4dr Ext Minivan (3.8L 6cyl 5A)
23688;Kia;Sedona;2008;EX 4dr Ext Minivan (3.8L 6cyl 5A)
23689;Kia;Sedona;2003;LX 4dr Minivan (3.5L 6cyl 5A)
23690;Kia;Sedona;2003;EX 4dr Minivan (3.5L 6cyl 5A)
23691;Kia;Sedona;2005;EX 4dr Minivan (3.5L 6cyl 5A)
23692;Kia;Sedona;2005;LX 4dr Minivan (3.5L 6cyl 5A)
23693;Kia;Sedona;2012;LX 4dr Minivan (3.5L 6cyl 6A)
23694;Kia;Sedona;2012;EX 4dr Minivan (3.5L 6cyl 6A)
23695;Kia;Sedona;2009;LX 4dr Ext Minivan (3.8L 6cyl 5A)
23696;Kia;Sedona;2009;4dr Minivan (3.8L 6cyl 5A)
23697;Kia;Sedona;2009;EX 4dr Ext Minivan (3.8L 6cyl 5A)
23698;Kia;Sedona;2010;LX 4dr Ext Minivan (3.8L 6cyl 5A)
23699;Kia;Sedona;2010;4dr Minivan (3.8L 6cyl 5A)
23700;Kia;Sedona;2010;EX 4dr Ext Minivan (3.8L 6cyl 5A)
23701;Kia;Sedona;2004;LX 4dr Minivan (3.5L 6cyl 5A)
23702;Kia;Sedona;2004;EX 4dr Minivan (3.5L 6cyl 5A)
23703;Kia;Sedona;2002;EX 4dr Minivan (3.5L 6cyl 5A)
23704;Kia;Sedona;2002;LX 4dr Minivan (3.5L 6cyl 5A)
23705;Kia;Sedona;2006;EX 4dr Minivan (3.8L 6cyl 5A)
23706;Kia;Sedona;2006;LX 4dr Minivan (3.8L 6cyl 5A)
23707;Kia;Sephia;1995;LS 4dr Sedan (1995.5)
23708;Kia;Sephia;1995;RS 4dr Sedan
23709;Kia;Sephia;1995;RS 4dr Sedan (1995.5)
23710;Kia;Sephia;1995;GS 4dr Sedan
23711;Kia;Sephia;1995;GS 4dr Sedan (1995.5)
23712;Kia;Sephia;1995;LS 4dr Sedan
23713;Kia;Sephia;1999;LS 4dr Sedan
23714;Kia;Sephia;1999;4dr Sedan
23715;Kia;Sephia;1994;GS 4dr Sedan
23716;Kia;Sephia;1994;LS 4dr Sedan
23717;Kia;Sephia;1994;RS 4dr Sedan
23718;Kia;Sephia;2000;LS 4dr Sedan
23719;Kia;Sephia;2000;4dr Sedan
23720;Kia;Sephia;1996;RS 4dr Sedan
23721;Kia;Sephia;1996;GS 4dr Sedan
23722;Kia;Sephia;1996;LS 4dr Sedan
23723;Kia;Sephia;1997;RS 4dr Sedan
23724;Kia;Sephia;1997;LS 4dr Sedan
23725;Kia;Sephia;1997;GS 4dr Sedan
23726;Kia;Sephia;2001;LS 4dr Sedan (1.8L 4cyl 4A)
23727;Kia;Sephia;2001;LS 4dr Sedan (1.8L 4cyl 5M)
23728;Kia;Sephia;2001;4dr Sedan (1.8L 4cyl 4A)
23729;Kia;Sephia;2001;4dr Sedan (1.8L 4cyl 5M)
23730;Kia;Sephia;1998;4dr Sedan
23731;Kia;Sephia;1998;LS 4dr Sedan
