<?xml version="1.0" encoding="UTF-8"?>
<DocumentElement>
  <dataTable>
    <authorname>Bill Mandil</authorname>
    <authoremail>bmd67893@example.com</authoremail>
    <authorphone>(555) 258-6902</authorphone>
    <sourcename>salesforce.com</sourcename>
    <sourcedate>2005-09-03T09:21:12Z</sourcedate>
    <sourceurl>http://www.salesforce.com/person/a0030000001TRYR</sourceurl>
    <firstname>Katherine</firstname>
    <lastname>Doe</lastname>
    <sex>female</sex>
    <dateofbirth>1971-02</dateofbirth>
    <age>30-45</age>
    <homestreet>Cotton Lane</homestreet>
    <homeneighborhood>Herringbone Parish</homeneighborhood>
    <homecity>Tuscaloosa</homecity>
    <homestate>AL</homestate>
    <homepostalcode>94305</homepostalcode>
  </dataTable>
  <dataTable>
    <authorname>Mary Jacobs</authorname>
    <authoremail>mdj@geocities.com</authoremail>
    <authorphone>(555) 736-1148</authorphone>
    <sourcename>ICRC FamilyLinks</sourcename>
    <sourcedate>2005-09-03T22:07:59Z</sourcedate>
    <sourceurl>http://www.familylinks.icrc.org/example?id=162537</sourceurl>
    <firstname>John</firstname>
    <lastname>Smith</lastname>
    <sex>male</sex>
    <dateofbirth>1980</dateofbirth>
    <age>25</age>
    <homestreet>Chestnut</homestreet>
    <homeneighborhood>New Orleans</homeneighborhood>
    <homecity>New Orleans</homecity>
    <homestate>LA</homestate>
    <homepostalcode>80540</homepostalcode>
  </dataTable>
  <dataTable>
    <authorname>Peter Jones</authorname>
    <authoremail>pj@test.com</authoremail>
    <authorphone>(555) 736-1148</authorphone>
    <sourcename>ICRC FamilyLinks</sourcename>
    <sourcedate>2005-09-03T22:07:59Z</sourcedate>
    <sourceurl>http://www.familylinks.icrc.org/example?id=162537</sourceurl>
    <firstname>Randy</firstname>
    <lastname>Allen</lastname>
    <sex>male</sex>
    <dateofbirth>1963</dateofbirth>
    <age>36</age>
    <homestreet>Chestnut</homestreet>
    <homeneighborhood>Tuscaloosa</homeneighborhood>
    <homecity>New Orleans</homecity>
    <homestate>LA</homestate>
    <homepostalcode>80540</homepostalcode>
  </dataTable>
  <dataTable>
    <authorname>Randy Allen</authorname>
    <authoremail>ra@test.com</authoremail>
    <authorphone>(555) 736-1148</authorphone>
    <sourcename>ICRC FamilyLinks</sourcename>
    <sourcedate>2005-09-03T22:07:59Z</sourcedate>
    <sourceurl>http://www.familylinks.icrc.org/example?id=162537</sourceurl>
    <firstname>Caroline</firstname>
    <lastname>Gabriel</lastname>
    <sex>female</sex>
    <dateofbirth>1993</dateofbirth>
    <age>16</age>
    <homestreet>Chestnut</homestreet>
    <homeneighborhood>Herringbone Parish</homeneighborhood>
    <homecity>New Orleans</homecity>
    <homestate>LA</homestate>
    <homepostalcode>80540</homepostalcode>
  </dataTable>
  <dataTable>
    <authorname>Caroline Gabriel</authorname>
    <authoremail>cg@test.com</authoremail>
    <authorphone>(555) 736-1148</authorphone>
    <sourcename>ICRC FamilyLinks</sourcename>
    <sourcedate>2005-09-03T22:07:59Z</sourcedate>
    <sourceurl>http://www.familylinks.icrc.org/example?id=162537</sourceurl>
    <firstname>Sandy Tseng</firstname>
    <lastname>Smith</lastname>
    <sex>female</sex>
    <dateofbirth>1985</dateofbirth>
    <age>36</age>
    <homestreet>Chestnut</homestreet>
    <homeneighborhood>New Orleans</homeneighborhood>
    <homecity>New Orleans</homecity>
    <homestate>LA</homestate>
    <homepostalcode>80540</homepostalcode>
  </dataTable>
  <dataTable>
    <authorname>Sandy Tseng</authorname>
    <authoremail>st@test.com</authoremail>
    <authorphone>(555) 736-1148</authorphone>
    <sourcename>ICRC FamilyLinks</sourcename>
    <sourcedate>2005-09-03T22:07:59Z</sourcedate>
    <sourceurl>http://www.familylinks.icrc.org/example?id=162537</sourceurl>
    <firstname>John</firstname>
    <lastname>Garfunkel</lastname>
    <sex>male</sex>
    <dateofbirth>1999</dateofbirth>
    <age>15</age>
    <homestreet>Chestnut</homestreet>
    <homeneighborhood>Tuscaloosa</homeneighborhood>
    <homecity>New Orleans</homecity>
    <homestate>LA</homestate>
    <homepostalcode>80540</homepostalcode>
  </dataTable>
  <dataTable>
    <authorname>John Garfunkel</authorname>
    <authoremail>jg@test.com</authoremail>
    <authorphone>(555) 736-1148</authorphone>
    <sourcename>ICRC FamilyLinks</sourcename>
    <sourcedate>2005-09-03T22:07:59Z</sourcedate>
    <sourceurl>http://www.familylinks.icrc.org/example?id=162537</sourceurl>
    <firstname>Steven</firstname>
    <lastname>Casey</lastname>
    <sex>male</sex>
    <dateofbirth>1975</dateofbirth>
    <age>36</age>
    <homestreet>Chestnut</homestreet>
    <homeneighborhood>Herringbone Parish</homeneighborhood>
    <homecity>New Orleans</homecity>
    <homestate>LA</homestate>
    <homepostalcode>80540</homepostalcode>
  </dataTable>
  <dataTable>
    <authorname>Steven Casey</authorname>
    <authoremail>sc@test.com</authoremail>
    <authorphone>(555) 736-1148</authorphone>
    <sourcename>ICRC FamilyLinks</sourcename>
    <sourcedate>2005-09-03T22:07:59Z</sourcedate>
    <sourceurl>http://www.familylinks.icrc.org/example?id=162537</sourceurl>
    <firstname>Mary</firstname>
    <lastname>Truant</lastname>
    <sex>female</sex>
    <dateofbirth>1969</dateofbirth>
    <age>46</age>
    <homestreet>Chestnut</homestreet>
    <homeneighborhood>New Orleans</homeneighborhood>
    <homecity>New Orleans</homecity>
    <homestate>LA</homestate>
    <homepostalcode>80540</homepostalcode>
  </dataTable>
  <dataTable>
    <authorname>Mary Truant</authorname>
    <authoremail>mt@test.com</authoremail>
    <authorphone>(555) 736-1148</authorphone>
    <sourcename>ICRC FamilyLinks</sourcename>
    <sourcedate>2005-09-03T22:07:59Z</sourcedate>
    <sourceurl>http://www.familylinks.icrc.org/example?id=162537</sourceurl>
    <firstname>Jim</firstname>
    <lastname>Leeds</lastname>
    <sex>male</sex>
    <dateofbirth>1980</dateofbirth>
    <age>50</age>
    <homestreet>Chestnut</homestreet>
    <homeneighborhood>Tuscaloosa</homeneighborhood>
    <homecity>New Orleans</homecity>
    <homestate>LA</homestate>
    <homepostalcode>80540</homepostalcode>
  </dataTable>
  <dataTable>
    <authorname>Jim Leeds</authorname>
    <authoremail>jl@test.com</authoremail>
    <authorphone>(555) 736-1148</authorphone>
    <sourcename>ICRC FamilyLinks</sourcename>
    <sourcedate>2005-09-03T22:07:59Z</sourcedate>
    <sourceurl>http://www.familylinks.icrc.org/example?id=162537</sourceurl>
    <firstname>Mary</firstname>
    <lastname>Jacobs</lastname>
    <sex>female</sex>
    <dateofbirth>1990</dateofbirth>
    <age>22</age>
    <homestreet>Chestnut</homestreet>
    <homeneighborhood>Herringbone Parish</homeneighborhood>
    <homecity>New Orleans</homecity>
    <homestate>LA</homestate>
    <homepostalcode>80540</homepostalcode>
  </dataTable>
</DocumentElement>