<?xml version="1.0" encoding="utf-8"?>
<items>
  <item code="AF" name="AFGHANISTAN" />
  <item code="AX" name="ALAND ISLANDS" />
  <item code="AL" name="ALBANIA" />
  <item code="DZ" name="ALGERIA" />
  <item code="AS" name="AMERICAN SAMOA" />
  <item code="AD" name="ANDORRA" />
  <item code="AO" name="ANGOLA" />
  <item code="AI" name="ANGUILLA" />
  <item code="AQ" name="ANTARCTICA" />
  <item code="AG" name="ANTIGUA AND BARBUDA" />
  <item code="AR" name="ARGENTINA" />
  <item code="AM" name="ARMENIA" />
  <item code="AW" name="ARUBA" />
  <item code="AU" name="AUSTRALIA" />
  <item code="AT" name="AUSTRIA" />
  <item code="AZ" name="AZERBAIJAN" />
  <item code="BS" name="BAHAMAS" />
  <item code="BH" name="BAHRAIN" />
  <item code="BD" name="BANGLADESH" />
  <item code="BB" name="BARBADOS" />
  <item code="BY" name="BELARUS" />
  <item code="BE" name="BELGIUM" />
  <item code="BZ" name="BELIZE" />
  <item code="BJ" name="BENIN" />
  <item code="BM" name="BERMUDA" />
  <item code="BT" name="BHUTAN" />
  <item code="BO" name="BOLIVIA" />
  <item code="BA" name="BOSNIA AND HERZEGOVINA" />
  <item code="BW" name="BOTSWANA" />
  <item code="BV" name="BOUVET ISLAND" />
  <item code="BR" name="BRAZIL" />
  <item code="IO" name="BRITISH INDIAN OCEAN TERRITORY" />
  <item code="BN" name="BRUNEI DARUSSALAM" />
  <item code="BG" name="BULGARIA" />
  <item code="BF" name="BURKINA FASO" />
  <item code="BI" name="BURUNDI" />
  <item code="KH" name="CAMBODIA" />
  <item code="CM" name="CAMEROON" />
  <item code="CA" name="CANADA" />
  <item code="CV" name="CAPE VERDE" />
  <item code="KY" name="CAYMAN ISLANDS" />
  <item code="CF" name="CENTRAL AFRICAN REPUBLIC" />
  <item code="TD" name="CHAD" />
  <item code="CL" name="CHILE" />
  <item code="CN" name="CHINA" />
  <item code="CX" name="CHRISTMAS ISLAND" />
  <item code="CC" name="COCOS (KEELING) ISLANDS" />
  <item code="CO" name="COLOMBIA" />
  <item code="KM" name="COMOROS" />
  <item code="CG" name="CONGO" />
  <item code="CD" name="CONGO, THE DEMOCRATIC REPUBLIC OF THE" />
  <item code="CK" name="COOK ISLANDS" />
  <item code="CR" name="COSTA RICA" />
  <item code="CI" name="COTE D'IVOIRE" />
  <item code="HR" name="CROATIA" />
  <item code="CU" name="CUBA" />
  <item code="CY" name="CYPRUS" />
  <item code="CZ" name="CZECH REPUBLIC" />
  <item code="DK" name="DENMARK" />
  <item code="DJ" name="DJIBOUTI" />
  <item code="DM" name="DOMINICA" />
  <item code="DO" name="DOMINICAN REPUBLIC" />
  <item code="EC" name="ECUADOR" />
  <item code="EG" name="EGYPT" />
  <item code="SV" name="EL SALVADOR" />
  <item code="GQ" name="EQUATORIAL GUINEA" />
  <item code="ER" name="ERITREA" />
  <item code="EE" name="ESTONIA" />
  <item code="ET" name="ETHIOPIA" />
  <item code="FK" name="FALKLAND ISLANDS (MALVINAS)" />
  <item code="FO" name="FAROE ISLANDS" />
  <item code="FJ" name="FIJI" />
  <item code="FI" name="FINLAND" />
  <item code="FR" name="FRANCE" />
  <item code="GF" name="FRENCH GUIANA" />
  <item code="PF" name="FRENCH POLYNESIA" />
  <item code="TF" name="FRENCH SOUTHERN TERRITORIES" />
  <item code="GA" name="GABON" />
  <item code="GM" name="GAMBIA" />
  <item code="GE" name="GEORGIA" />
  <item code="DE" name="GERMANY" />
  <item code="GH" name="GHANA" />
  <item code="GI" name="GIBRALTAR" />
  <item code="GR" name="GREECE" />
  <item code="GL" name="GREENLAND" />
  <item code="GD" name="GRENADA" />
  <item code="GP" name="GUADELOUPE" />
  <item code="GU" name="GUAM" />
  <item code="GT" name="GUATEMALA" />
  <item code="GG" name="GUERNSEY" />
  <item code="GN" name="GUINEA" />
  <item code="GW" name="GUINEA-BISSAU" />
  <item code="GY" name="GUYANA" />
  <item code="HT" name="HAITI" />
  <item code="HM" name="HEARD ISLAND AND MCDONALD ISLANDS" />
  <item code="VA" name="HOLY SEE (VATICAN CITY STATE)" />
  <item code="HN" name="HONDURAS" />
  <item code="HK" name="HONG KONG" />
  <item code="HU" name="HUNGARY" />
  <item code="IS" name="ICELAND" />
  <item code="IN" name="INDIA" />
  <item code="ID" name="INDONESIA" />
  <item code="IR" name="IRAN, ISLAMIC REPUBLIC OF" />
  <item code="IQ" name="IRAQ" />
  <item code="IE" name="IRELAND" />
  <item code="IM" name="ISLE OF MAN" />
  <item code="IL" name="ISRAEL" />
  <item code="IT" name="ITALY" />
  <item code="JM" name="JAMAICA" />
  <item code="JP" name="JAPAN" />
  <item code="JE" name="JERSEY" />
  <item code="JO" name="JORDAN" />
  <item code="KZ" name="KAZAKHSTAN" />
  <item code="KE" name="KENYA" />
  <item code="KI" name="KIRIBATI" />
  <item code="KP" name="KOREA, DEMOCRATIC PEOPLE'S REPUBLIC OF" />
  <item code="KR" name="KOREA, REPUBLIC OF" />
  <item code="KW" name="KUWAIT" />
  <item code="KG" name="KYRGYZSTAN" />
  <item code="LA" name="LAO PEOPLE'S DEMOCRATIC REPUBLIC" />
  <item code="LV" name="LATVIA" />
  <item code="LB" name="LEBANON" />
  <item code="LS" name="LESOTHO" />
  <item code="LR" name="LIBERIA" />
  <item code="LY" name="LIBYAN ARAB JAMAHIRIYA" />
  <item code="LI" name="LIECHTENSTEIN" />
  <item code="LT" name="LITHUANIA" />
  <item code="LU" name="LUXEMBOURG" />
  <item code="MO" name="MACAO" />
  <item code="MK"
  name="MACEDONIA, THE FORMER YUGOSLAV REPUBLIC OF" />
  <item code="MG" name="MADAGASCAR" />
  <item code="MW" name="MALAWI" />
  <item code="MY" name="MALAYSIA" />
  <item code="MV" name="MALDIVES" />
  <item code="ML" name="MALI" />
  <item code="MT" name="MALTA" />
  <item code="MH" name="MARSHALL ISLANDS" />
  <item code="MQ" name="MARTINIQUE" />
  <item code="MR" name="MAURITANIA" />
  <item code="MU" name="MAURITIUS" />
  <item code="YT" name="MAYOTTE" />
  <item code="MX" name="MEXICO" />
  <item code="FM" name="MICRONESIA, FEDERATED STATES OF" />
  <item code="MD" name="MOLDOVA, REPUBLIC OF" />
  <item code="MC" name="MONACO" />
  <item code="MN" name="MONGOLIA" />
  <item code="ME" name="MONTENEGRO" />
  <item code="MS" name="MONTSERRAT" />
  <item code="MA" name="MOROCCO" />
  <item code="MZ" name="MOZAMBIQUE" />
  <item code="MM" name="MYANMAR" />
  <item code="NA" name="NAMIBIA" />
  <item code="NR" name="NAURU" />
  <item code="NP" name="NEPAL" />
  <item code="NL" name="NETHERLANDS" />
  <item code="AN" name="NETHERLANDS ANTILLES" />
  <item code="NC" name="NEW CALEDONIA" />
  <item code="NZ" name="NEW ZEALAND" />
  <item code="NI" name="NICARAGUA" />
  <item code="NE" name="NIGER" />
  <item code="NG" name="NIGERIA" />
  <item code="NU" name="NIUE" />
  <item code="NF" name="NORFOLK ISLAND" />
  <item code="MP" name="NORTHERN MARIANA ISLANDS" />
  <item code="NO" name="NORWAY" />
  <item code="OM" name="OMAN" />
  <item code="PK" name="PAKISTAN" />
  <item code="PW" name="PALAU" />
  <item code="PS" name="PALESTINIAN TERRITORY, OCCUPIED" />
  <item code="PA" name="PANAMA" />
  <item code="PG" name="PAPUA NEW GUINEA" />
  <item code="PY" name="PARAGUAY" />
  <item code="PE" name="PERU" />
  <item code="PH" name="PHILIPPINES" />
  <item code="PN" name="PITCAIRN" />
  <item code="PL" name="POLAND" />
  <item code="PT" name="PORTUGAL" />
  <item code="PR" name="PUERTO RICO" />
  <item code="QA" name="QATAR" />
  <item code="RE" name="REUNION" />
  <item code="RO" name="ROMANIA" />
  <item code="RU" name="RUSSIAN FEDERATION" />
  <item code="RW" name="RWANDA" />
  <item code="BL" name="SAINT BARTHELEMY" />
  <item code="SH" name="SAINT HELENA" />
  <item code="KN" name="SAINT KITTS AND NEVIS" />
  <item code="LC" name="SAINT LUCIA" />
  <item code="MF" name="SAINT MARTIN" />
  <item code="PM" name="SAINT PIERRE AND MIQUELON" />
  <item code="VC" name="SAINT VINCENT AND THE GRENADINES" />
  <item code="WS" name="SAMOA" />
  <item code="SM" name="SAN MARINO" />
  <item code="ST" name="SAO TOME AND PRINCIPE" />
  <item code="SA" name="SAUDI ARABIA" />
  <item code="SN" name="SENEGAL" />
  <item code="RS" name="SERBIA" />
  <item code="SC" name="SEYCHELLES" />
  <item code="SL" name="SIERRA LEONE" />
  <item code="SG" name="SINGAPORE" />
  <item code="SK" name="SLOVAKIA" />
  <item code="SI" name="SLOVENIA" />
  <item code="SB" name="SOLOMON ISLANDS" />
  <item code="SO" name="SOMALIA" />
  <item code="ZA" name="SOUTH AFRICA" />
  <item code="GS"
  name="SOUTH GEORGIA AND THE SOUTH SANDWICH ISLANDS" />
  <item code="ES" name="SPAIN" />
  <item code="LK" name="SRI LANKA" />
  <item code="SD" name="SUDAN" />
  <item code="SR" name="SURINAME" />
  <item code="SJ" name="SVALBARD AND JAN MAYEN" />
  <item code="SZ" name="SWAZILAND" />
  <item code="SE" name="SWEDEN" />
  <item code="CH" name="SWITZERLAND" />
  <item code="SY" name="SYRIAN ARAB REPUBLIC" />
  <item code="TW" name="TAIWAN, PROVINCE OF CHINA" />
  <item code="TJ" name="TAJIKISTAN" />
  <item code="TZ" name="TANZANIA, UNITED REPUBLIC OF" />
  <item code="TH" name="THAILAND" />
  <item code="TL" name="TIMOR-LESTE" />
  <item code="TG" name="TOGO" />
  <item code="TK" name="TOKELAU" />
  <item code="TO" name="TONGA" />
  <item code="TT" name="TRINIDAD AND TOBAGO" />
  <item code="TN" name="TUNISIA" />
  <item code="TR" name="TURKEY" />
  <item code="TM" name="TURKMENISTAN" />
  <item code="TC" name="TURKS AND CAICOS ISLANDS" />
  <item code="TV" name="TUVALU" />
  <item code="UG" name="UGANDA" />
  <item code="UA" name="UKRAINE" />
  <item code="AE" name="UNITED ARAB EMIRATES" />
  <item code="GB" name="UNITED KINGDOM" />
  <item code="US" name="UNITED STATES" />
  <item code="UM" name="UNITED STATES MINOR OUTLYING ISLANDS" />
  <item code="UY" name="URUGUAY" />
  <item code="UZ" name="UZBEKISTAN" />
  <item code="VU" name="VANUATU" />
  <item code="VE" name="VENEZUELA" />
  <item code="VN" name="VIET NAM" />
  <item code="VG" name="VIRGIN ISLANDS, BRITISH" />
  <item code="VI" name="VIRGIN ISLANDS, U.S." />
  <item code="WF" name="WALLIS AND FUTUNA" />
  <item code="EH" name="WESTERN SAHARA" />
  <item code="YE" name="YEMEN" />
  <item code="ZM" name="ZAMBIA" />
  <item code="ZW" name="ZIMBABWE" />
</items>