<?xml version="1.0" encoding="UTF-8"?>
<items><item Country="Finland" Code="+358" /><item Country="Argentina" Code="+54" /><item Country="United States" Code="+1" /><item Country="Uruguay" Code="+598" /><item Country="Japan" Code="+81" /><item Country="Chile" Code="+56" /><item Country="Argentina" Code="+54" /><item Country="Russia" Code="+7" /><item Country="Chile" Code="+56" /><item Country="United States" Code="+1" /><item Country="Chile" Code="+56" /><item Country="Australia" Code="+672" /><item Country="Brazil" Code="+55" /><item Country="Italy   France" Code="" /><item Country="India" Code="+91 (Abandoned)" /><item Country="Australia" Code="+672" /><item Country="Japan" Code="+81" /><item Country="France" Code="+33" /><item Country="Argentina" Code="+54" /><item Country="Spain" Code="+34" /><item Country="Germany" Code="Neumayer Station" /><item Country="Chile" Code="+56" /><item Country="China" Code="+86" /><item Country="United Kingdom" Code="+44" /><item Country="Poland" Code="+48" /><item Country="Pakistan" Code="+92" /><item Country="Spain" Code="+34" /><item Country="Argentina" Code="+54" /><item Country="South Korea" Code="+82" /><item Country="Germany" Code="+49" /><item Country="China" Code="+86" /><item Country="Romania" Code="+40" /><item Country="Russia" Code="+7" /><item Country="Peru" Code="+51" /><item Country="Australia" Code="+672" /><item Country="India" Code="+91" /><item Country="Argentina" Code="+54" /><item Country="Italy" Code="+39" /><item Country="Australia" Code="+672" /><item Country="United States" Code="+1" /><item Country="Czech Republic" Code="+420" /><item Country="Russia" Code="+7" /><item Country="Japan" Code="+81" /><item Country="Russia   Belarus" Code="" /><item Country="Germany" Code="+49" /><item Country="Russia" Code="+7" /><item Country="Argentina" Code="+54" /><item Country="United States" Code="+1" /><item Country="Belgium" Code="+32" /><item Country="Chile" Code="+56" /><item Country="Russia" Code="+7" /><item Country="United Kingdom" Code="+44" /><item Country="Russia" Code="+7" /><item Country="Argentina" Code="+54" /><item Country="South Africa" Code="+27" /><item Country="United Kingdom" Code="+44" /><item Country="Bulgaria" Code="+359" /><item Country="New Zealand" Code="+64" /><item Country="Japan" Code="+81" /><item Country="Sweden" Code="+46" /><item Country="Norway" Code="+47" /><item Country="Norway" Code="+47" /><item Country="Sweden" Code="+46" /><item Country="Russia" Code="+7" /><item Country="Ukraine" Code="+380" /><item Country="China" Code="+86" /></items>