<?xml version="1.0" encoding="utf-8"?>
<items>
  <item City="Abu Dhabi" Notes="" Country="United Arab Emirates" />
  <item City="Abuja" Notes="" Country="Nigeria" />
  <item City="Accra" Notes="" Country="Ghana" />
  <item City="Adamstown" Notes="British Overseas Territory"
  Country="Pitcairn Islands" />
  <item City="Addis Ababa" Notes="" Country="Ethiopia" />
  <item City="Algiers" Notes="" Country="Algeria" />
  <item City="Alofi" Notes="free association New Zealand"
  Country="Niue" />
  <item City="Amman" Notes="" Country="Jordan" />
  <item City="Amsterdam" Notes="" Country="Netherlands" />
  <item City="Andorra la Vella" Notes="" Country="Andorra" />
  <item City="Ankara" Notes="" Country="Turkey" />
  <item City="Antananarivo" Notes="" Country="Madagascar" />
  <item City="Apia" Notes="" Country="Samoa" />
  <item City="Ashgabat" Notes="" Country="Turkmenistan" />
  <item City="Asmara" Notes="" Country="Eritrea" />
  <item City="Astana" Notes="" Country="Kazakhstan" />
  <item City="Asunci&#243;n" Notes="" Country="Paraguay" />
  <item City="Athens" Notes="" Country="Greece" />
  <item City="Avarua" Notes="free association New Zealand"
  Country="Cook Islands" />
  <item City="Baghdad" Notes="" Country="Iraq" />
  <item City="Baku" Notes="" Country="Azerbaijan" />
  <item City="Bamako" Notes="" Country="Mali" />
  <item City="Bandar Seri Begawan" Notes="" Country="Brunei" />
  <item City="Bangkok" Notes="" Country="Thailand" />
  <item City="Bangui" Notes=""
  Country="Central African Republic" />
  <item City="Banjul" Notes="" Country="Gambia" />
  <item City="Basseterre" Notes=""
  Country="Saint Kitts and Nevis" />
  <item City="Beijing" Notes="" Country="China" />
  <item City="Beirut" Notes="" Country="Lebanon" />
  <item City="Belfast" Notes="Country of the United Kingdom"
  Country="Northern Ireland" />
  <item City="Belgrade" Notes="" Country="Serbia" />
  <item City="Belmopan" Notes="" Country="Belize" />
  <item City="Berlin" Notes="" Country="Germany" />
  <item City="Bern" Notes="" Country="Switzerland" />
  <item City="Bishkek" Notes="" Country="Kyrgyzstan" />
  <item City="Bissau" Notes="" Country="Guinea-Bissau" />
  <item City="Bogot&#225;" Notes="" Country="Colombia" />
  <item City="Bras&#237;lia" Notes="" Country="Brazil" />
  <item City="Bratislava" Notes="" Country="Slovakia" />
  <item City="Brazzaville" Notes=""
  Country="Republic of the Congo" />
  <item City="Bridgetown" Notes="" Country="Barbados" />
  <item City="Brussels" Notes="" Country="Belgium" />
  <item City="Bucharest" Notes="" Country="Romania" />
  <item City="Budapest" Notes="" Country="Hungary" />
  <item City="Buenos Aires" Notes="" Country="Argentina" />
  <item City="Bujumbura" Notes="" Country="Burundi" />
  <item City="Cairo" Notes="" Country="Egypt" />
  <item City="Canberra" Notes="" Country="Australia" />
  <item City="Caracas" Notes="" Country="Venezuela" />
  <item City="Cardiff" Notes="Country of the United Kingdom"
  Country="Wales" />
  <item City="Castries" Notes="" Country="Saint Lucia" />
  <item City="Cayenne" Notes="" Country="French Guiana" />
  <item City="Charlotte Amalie" Notes="Territory United States"
  Country="United States Virgin Islands" />
  <item City="Chisinau" Notes="" Country="Moldova" />
  <item City="Cockburn Town" Notes="British Overseas Territory"
  Country="Turks and Caicos Islands" />
  <item City="Conakry" Notes="" Country="Guinea" />
  <item City="Copenhagen" Notes="" Country="Denmark" />
  <item City="Dakar" Notes="" Country="Senegal" />
  <item City="Damascus" Notes="" Country="Syria" />
  <item City="Dhaka" Notes="" Country="Bangladesh" />
  <item City="Dili" Notes="" Country="East Timor" />
  <item City="Djibouti" Notes="" Country="Djibouti" />
  <item City="Dodoma" Notes="" Country="Tanzania" />
  <item City="Doha" Notes="" Country="Qatar" />
  <item City="Douglas" Notes="Crown Dependency"
  Country="Isle of Man" />
  <item City="Dublin" Notes="" Country="Ireland" />
  <item City="Dushanbe" Notes="" Country="Tajikistan" />
  <item City="Edinburgh" Notes="Country of the United Kingdom"
  Country="Scotland" />
  <item City="Edinburgh of the Seven Seas"
  Notes="British Overseas Territory" Country="Tristan da Cunha" />
  <item City="El Aai&#250;n"
  Notes="82 other states Free Zone Morocco Tindouf Algeria"
  Country="Western Sahara" />
  <item City="Episkopi Cantonment"
  Notes="British Overseas Territory"
  Country="Akrotiri and Dhekelia" />
  <item City="Flying Fish Cove"
  Notes="External territory Australia"
  Country="Christmas Island" />
  <item City="Freetown" Notes="" Country="Sierra Leone" />
  <item City="Funafuti" Notes="" Country="Tuvalu" />
  <item City="Gaborone" Notes="" Country="Botswana" />
  <item City="George Town" Notes="British Overseas Territory"
  Country="Cayman Islands" />
  <item City="Georgetown" Country="Ascension Island" />
  <item City="Georgetown" Notes="" Country="Guyana" />
  <item City="Gibraltar" Notes="British Overseas Territory"
  Country="Gibraltar" />
  <item City="Grytviken" Notes="British Overseas Territory"
  Country="South Georgia and the South Sandwich Islands" />
  <item City="Guatemala City" Notes="" Country="Guatemala" />
  <item City="Gustavia" Notes="Overseas collectivity France"
  Country="Saint Barth&#233;lemy" />
  <item City="Hag&#229;t&#241;a" Notes="Territory United States"
  Country="Guam" />
  <item City="Hamilton" Notes="British Overseas Territory"
  Country="Bermuda" />
  <item City="Hanga Roa" Notes="Chile" Country="Easter Island" />
  <item City="Hanoi" Notes="" Country="Vietnam" />
  <item City="Harare" Notes="" Country="Zimbabwe" />
  <item City="Hargeisa" Notes="Somali Republic"
  Country="Somaliland" />
  <item City="Havana" Notes="" Country="Cuba" />
  <item City="Helsinki" Notes="" Country="Finland" />
  <item City="Honiara" Notes="" Country="Solomon Islands" />
  <item City="Islamabad" Notes="" Country="Pakistan" />
  <item City="Jakarta" Notes="" Country="Indonesia" />
  <item City="Jamestown" Notes="British Overseas Territory"
  Country="Saint Helena" />
  <item City="Jerusalem"
  Notes="Jerusalem Law parliament United Nations Security Council Resolution 478 United Nations Tel Aviv Ramat Gan Herzliya CIA Factbook Map of Israel Palestinian Authority East Jerusalem future Palestinian state"
  Country="Israel" />
  <item City="Jerusalem" Notes="State of Palestine"
  Country="Palestine" />
  <item City="Juba" Notes="" Country="South Sudan" />
  <item City="Kabul" Notes="" Country="Afghanistan" />
  <item City="Kampala" Notes="" Country="Uganda" />
  <item City="Kathmandu" Notes="" Country="Nepal" />
  <item City="Khartoum" Notes="" Country="Sudan" />
  <item City="Kiev" Notes="" Country="Ukraine" />
  <item City="Kigali" Notes="" Country="Rwanda" />
  <item City="Kingston" Notes="" Country="Jamaica" />
  <item City="Kingston" Notes="External territory Australia"
  Country="Norfolk Island" />
  <item City="Kingstown" Notes=""
  Country="Saint Vincent and the Grenadines" />
  <item City="Kinshasa" Notes=""
  Country="Democratic Republic of the Congo" />
  <item City="Kuala Lumpur" Notes="" Country="Malaysia" />
  <item City="Kuwait City" Notes="" Country="Kuwait" />
  <item City="La Paz" Notes="" Country="Bolivia" />
  <item City="Libreville" Notes="" Country="Gabon" />
  <item City="Lilongwe" Notes="" Country="Malawi" />
  <item City="Lima" Notes="" Country="Peru" />
  <item City="Lisbon" Notes="" Country="Portugal" />
  <item City="Ljubljana" Notes="" Country="Slovenia" />
  <item City="Lom&#233;" Notes="" Country="Togo" />
  <item City="London"
  Notes="England Country of the United Kingdom United Kingdom"
  Country="United Kingdom England" />
  <item City="Luanda" Notes="" Country="Angola" />
  <item City="Lusaka" Notes="" Country="Zambia" />
  <item City="Luxembourg" Notes="" Country="Luxembourg" />
  <item City="Madrid" Notes="" Country="Spain" />
  <item City="Majuro" Notes="" Country="Marshall Islands" />
  <item City="Malabo" Notes="" Country="Equatorial Guinea" />
  <item City="Mal&#233;" Notes="" Country="Maldives" />
  <item City="Mamoudzou" Notes="Overseas collectivity France"
  Country="Mayotte" />
  <item City="Managua" Notes="" Country="Nicaragua" />
  <item City="Manama" Notes="" Country="Bahrain" />
  <item City="Manila" Notes="" Country="Philippines" />
  <item City="Maputo" Notes="" Country="Mozambique" />
  <item City="Marigot" Notes="Overseas collectivity France"
  Country="Saint Martin" />
  <item City="Maseru" Notes="" Country="Lesotho" />
  <item City="Mata-Utu" Notes="Overseas collectivity France"
  Country="Wallis and Futuna" />
  <item City="Mbabane" Notes="" Country="Swaziland" />
  <item City="Mexico City" Notes="" Country="Mexico" />
  <item City="Minsk" Notes="" Country="Belarus" />
  <item City="Mogadishu" Notes="" Country="Somalia" />
  <item City="Monaco" Notes="" Country="Monaco" />
  <item City="Monrovia" Notes="" Country="Liberia" />
  <item City="Montevideo" Notes="" Country="Uruguay" />
  <item City="Moroni" Notes="" Country="Comoros" />
  <item City="Moscow" Notes="" Country="Russia" />
  <item City="Muscat" Notes="" Country="Oman" />
  <item City="Nairobi" Notes="" Country="Kenya" />
  <item City="Nassau" Notes="" Country="Bahamas" />
  <item City="Naypyidaw" Notes="" Country="Myanmar" />
  <item City="N'Djamena" Notes="" Country="Chad" />
  <item City="New Delhi" Notes="" Country="India" />
  <item City="Ngerulmud" Notes="" Country="Palau" />
  <item City="Niamey" Notes="" Country="Niger" />
  <item City="Nicosia" Notes="" Country="Cyprus" />
  <item City="Nicosia" Notes="Turkey Republic of Cyprus"
  Country="Northern Cyprus" />
  <item City="Nouakchott" Notes="" Country="Mauritania" />
  <item City="Noum&#233;a" Notes="Sui generis collectivity France"
  Country="New Caledonia" />
  <item City="?" Notes="" Country="Tonga" />
  <item City="Nuuk" Notes="Constituent country Kingdom of Denmark"
  Country="Greenland" />
  <item City="Oranjestad" Notes="Kingdom of the Netherlands"
  Country="Aruba" />
  <item City="Oslo" Notes="" Country="Norway" />
  <item City="Ottawa" Notes="" Country="Canada" />
  <item City="Ouagadougou" Notes="" Country="Burkina Faso" />
  <item City="Pago Pago" Notes="Territory United States"
  Country="American Samoa" />
  <item City="Palikir" Notes=""
  Country="Federated States of Micronesia" />
  <item City="Panama City" Notes="" Country="Panama" />
  <item City="Papeete" Notes="Overseas collectivity France"
  Country="French Polynesia" />
  <item City="Paramaribo" Notes="" Country="Suriname" />
  <item City="Paris" Notes="" Country="France" />
  <item City="Philipsburg" Notes="Kingdom of the Netherlands"
  Country="Sint Maarten" />
  <item City="Phnom Penh" Notes="" Country="Cambodia" />
  <item City="Plymouth" Notes="British Overseas Territory"
  Country="Montserrat" />
  <item City="Podgorica" Notes="" Country="Montenegro" />
  <item City="Port Louis" Notes="" Country="Mauritius" />
  <item City="Port Moresby" Notes="" Country="Papua New Guinea" />
  <item City="Port Vila" Notes="" Country="Vanuatu" />
  <item City="Port-au-Prince" Notes="" Country="Haiti" />
  <item City="Port of Spain" Notes=""
  Country="Trinidad and Tobago" />
  <item City="Porto-Novo" Notes="" Country="Benin" />
  <item City="Prague" Notes="" Country="Czech Republic" />
  <item City="Praia" Notes="" Country="Cape Verde" />
  <item City="Pretoria" Notes="" Country="South Africa" />
  <item City="Pristina"
  Notes="77 Taiwan (Republic of China) Autonomous Province of Kosovo and Metohija de facto North Kosovo"
  Country="Kosovo" />
  <item City="Pyongyang" Notes="" Country="North Korea" />
  <item City="Quito" Notes="" Country="Ecuador" />
  <item City="Rabat" Notes="" Country="Morocco" />
  <item City="Reykjav&#237;k" Notes="" Country="Iceland" />
  <item City="Riga" Notes="" Country="Latvia" />
  <item City="Riyadh" Notes="" Country="Saudi Arabia" />
  <item City="Road Town" Notes="British Overseas Territory"
  Country="British Virgin Islands" />
  <item City="Rome" Notes="" Country="Italy" />
  <item City="Roseau" Notes="" Country="Dominica" />
  <item City="Saipan" Notes="Territory United States"
  Country="Northern Mariana Islands" />
  <item City="San Jos&#233;" Notes="" Country="Costa Rica" />
  <item City="San Juan" Notes="Territory United States"
  Country="Puerto Rico" />
  <item City="San Marino" Notes="" Country="San Marino" />
  <item City="San Salvador" Notes="" Country="El Salvador" />
  <item City="Sana&#225;" Notes="" Country="Yemen" />
  <item City="Santiago" Notes="" Country="Chile" />
  <item City="Santo Domingo" Notes=""
  Country="Dominican Republic" />
  <item City="S&#227;o Tom&#233;" Notes=""
  Country="S&#227;o Tom&#233; and Pr&#237;ncipe" />
  <item City="Sarajevo" Notes=""
  Country="Bosnia and Herzegovina" />
  <item City="Seoul" Notes="" Country="South Korea" />
  <item City="Singapore" Notes="" Country="Singapore" />
  <item City="Skopje" Notes="" Country="Macedonia" />
  <item City="Sofia" Notes="" Country="Bulgaria" />
  <item City="Sri Jayawardenapura Kotte" Notes=""
  Country="Sri Lanka" />
  <item City="St. George's" Notes="" Country="Grenada" />
  <item City="St. Helier" Notes="Crown Dependency"
  Country="Jersey" />
  <item City="St. John's" Notes="" Country="Antigua and Barbuda" />
  <item City="St. Peter Port" Notes="Crown Dependency"
  Country="Guernsey" />
  <item City="St. Pierre" Notes="Overseas collectivity France"
  Country="Saint Pierre and Miquelon" />
  <item City="Stanley" Notes="British Overseas Territory"
  Country="Falkland Islands" />
  <item City="Stepanakert" Notes=""
  Country="Nagorno-Karabakh Republic" />
  <item City="Stockholm" Notes="" Country="Sweden" />
  <item City="Sucre" Notes="" Country="Bolivia" />
  <item City="Sukhumi"
  Notes="Republic of Georgia Autonomous Republic of Abkhazia"
  Country="Abkhazia" />
  <item City="Suva" Notes="" Country="Fiji" />
  <item City="Taipei"
  Notes="People's Republic of China China Taiwan Spratly Islands World Health Organization World Trade Organization International Olympic Committee Chinese Taipei"
  Country="Republic of China Taiwan" />
  <item City="Tallinn" Notes="" Country="Estonia" />
  <item City="Tarawa" Notes="" Country="Kiribati" />
  <item City="Tashkent" Notes="" Country="Uzbekistan" />
  <item City="Tbilisi" Notes="" Country="Georgia" />
  <item City="Tegucigalpa" Notes="" Country="Honduras" />
  <item City="Tehran" Notes="" Country="Iran" />
  <item City="Thimphu" Notes="" Country="Bhutan" />
  <item City="Tirana" Notes="" Country="Albania" />
  <item City="Tiraspol"
  Notes="Republic of Moldova Territorial Unit of Transnistria"
  Country="Transnistria" />
  <item City="Tokyo" Notes="" Country="Japan" />
  <item City="T&#243;rshavn"
  Notes="Constituent country Kingdom of Denmark"
  Country="Faroe Islands" />
  <item City="Tripoli" Notes="" Country="Libya" />
  <item City="Tskhinvali"
  Notes="Republic of Georgia Provisional Administrative Entity of South Ossetia"
  Country="South Ossetia" />
  <item City="Tunis" Notes="" Country="Tunisia" />
  <item City="Ulaanbaatar" Notes="" Country="Mongolia" />
  <item City="Vaduz" Notes="" Country="Liechtenstein" />
  <item City="Valletta" Notes="" Country="Malta" />
  <item City="The Valley" Notes="British Overseas Territory"
  Country="Anguilla" />
  <item City="Vatican City" Notes="" Country="Vatican City" />
  <item City="Victoria" Notes="" Country="Seychelles" />
  <item City="Vienna" Notes="" Country="Austria" />
  <item City="Vientiane" Notes="" Country="Laos" />
  <item City="Vilnius" Notes="" Country="Lithuania" />
  <item City="Warsaw" Notes="" Country="Poland" />
  <item City="Washington, D.C." Notes="" Country="United States" />
  <item City="Wellington" Notes="" Country="New Zealand" />
  <item City="West Island" Notes="External territory Australia"
  Country="Cocos (Keeling) Islands" />
  <item City="Willemstad" Notes="Kingdom of the Netherlands"
  Country="Cura&#231;ao" />
  <item City="Windhoek" Notes="" Country="Namibia" />
  <item City="Yamoussoukro" Notes=""
  Country="C&#244;te d'Ivoire" />
  <item City="Yaound&#233;" Notes="" Country="Cameroon" />
  <item City="Yaren" Notes="" Country="Nauru" />
  <item City="Yerevan" Notes="" Country="Armenia" />
  <item City="Zagreb" Notes="" Country="Croatia" />
</items>